"","comb","piT","piS.ave","Fst"
"1","D75003- D75007-",0.0377304695609121,0.00924518791974571,0.754967589130576
"2","D75003- D75008-",0.0248110640658041,0.0105321152442592,0.575507313337072
"3","D75003- D75013-",0.0355990096886827,0.00910356573223113,0.744274747757232
"4","D75003- D75020-",0.0396085704485617,0.0106862459950107,0.730203693948294
"5","D75003- D75038-",0.0438318743777947,0.00877769597137318,0.799741715453082
"6","D75003- D75050-",0.0450156358156193,0.0109954519698383,0.755741493580701
"7","D75003- D75073-",0.0407605191122329,0.0111701515789973,0.725956591763696
"8","D75003- D75078-",0.0361938449440879,0.00864043994104879,0.761273223267755
"9","D75003- D75091-",0.0397998818270652,0.00999399825498016,0.748893770629642
"10","D75003- D75124-",0.0276573670802258,0.00507113089037236,0.816644481173406
"11","D75003- D75145-",0.0408750704566676,0.00921770798297521,0.77449071328826
"12","D75003- D75174-",0.031123673572524,0.00942032706953145,0.697325990533208
"13","D75003- D75180-",0.0319261682172213,0.00796771407638008,0.750433123631723
"14","D75003- D75187-",0.0258520190937652,0.00805067034728083,0.68858639945758
"15","D75003- D75196-",0.0311117092226494,0.00843492920963906,0.728882487642357
"16","D75003- D75199-",0.0294225251101188,0.00758654355014513,0.742151854004671
"17","D75003- D75203-",0.0349348734698841,0.00899220160214989,0.742600996969355
"18","D75003- D75204-",0.0325069632828237,0.00819842945875915,0.747794668255245
"19","D75003- D75208-",0.0352558550600645,0.00778719984015773,0.779123217210563
"20","D75003- D75210-",0.0300547851312583,0.00909280849793011,0.697458875243357
"21","D75003- D75215-",0.0354918955230737,0.0092661602961445,0.738921797227751
"22","D75003- D75222-",0.0340864099956209,0.00834499494502356,0.755181172024403
"23","D75003- D75231-",0.0358584618075007,0.00968862476141581,0.72980924799766
"24","D75003- D75232-",0.0332569253522808,0.00787334675401605,0.763256925569155
"25","D75003- D75246R",0.290673657141157,0.00814041242236628,0.971994667482327
"26","D75003- D75250-",0.031120131207071,0.00913586876840972,0.706432189902403
"27","D75003- D75259-",0.0336217741828054,0.00810997855411876,0.758787906015194
"28","D75003- D75260-",0.0354724318023022,0.0083125371755153,0.765662043644388
"29","D75003- D75263-",0.28284868307468,0.00895921637160028,0.968325055382228
"30","D75003- D75293-",0.0324228144293431,0.0093381762979261,0.711987485902059
"31","D75003- D75312-",0.0345380242023083,0.00907641436014931,0.737205165327821
"32","D75003- D75362R",0.267400686283286,0.00984697422971995,0.96317520958309
"33","D75003- D75365-",0.0285879229851173,0.00853583511777887,0.701418143520864
"34","D75003- D75374-",0.00912318129898299,0.00834587293692118,0.0852014595115472
"35","D75003- D75375-",0.023219666099564,0.00839688100764097,0.638372017425408
"36","D75003- D75379-",0.03543571529871,0.00830109623464185,0.765742100458064
"37","D75003- D75389-",0.0332631091220249,0.0112189273904614,0.662721625049992
"38","D75003- D75404R",0.0415357062823732,0.00879974200860272,0.788140306348008
"39","D75007- D75008-",0.0396150060195052,0.0113710615309211,0.712960752162392
"40","D75007- D75013-",0.0384891712726342,0.00994251201889302,0.74168027811079
"41","D75007- D75020-",0.0418869518958665,0.0115251922816726,0.72485006045976
"42","D75007- D75038-",0.0464874666606221,0.00961664225803507,0.793134731814049
"43","D75007- D75050-",0.0486787743226868,0.0118343982565002,0.756887916321575
"44","D75007- D75073-",0.0439943992611832,0.0120090978656592,0.727031211532988
"45","D75007- D75078-",0.0402629887712148,0.00947938622771069,0.764563274684472
"46","D75007- D75091-",0.0414025637563793,0.010832944541642,0.738350875917124
"47","D75007- D75124-",0.0331317288418871,0.00591007717703426,0.821618811223567
"48","D75007- D75145-",0.0445965441852684,0.0100566542696371,0.774497005241964
"49","D75007- D75174-",0.0342970915122035,0.0102592733561933,0.700870455661148
"50","D75007- D75180-",0.0371348641174992,0.00880666036304197,0.762846570942696
"51","D75007- D75187-",0.0311195242166035,0.00888961663394272,0.714339571130083
"52","D75007- D75196-",0.0362023793502433,0.00927387549630095,0.743832431383032
"53","D75007- D75199-",0.0345322380301362,0.00842548983680702,0.7560108954
"54","D75007- D75203-",0.0384606902063382,0.00983114788881179,0.744384517384671
"55","D75007- D75204-",0.0385511673969146,0.00903737574542104,0.765574524569538
"56","D75007- D75208-",0.0399785058053131,0.00862614612681963,0.784230401985828
"57","D75007- D75210-",0.0344700139977881,0.009931754784592,0.711872621077865
"58","D75007- D75215-",0.0404917785193652,0.0101051065828064,0.750440535034202
"59","D75007- D75222-",0.0378623634644609,0.00918394123168546,0.757438775835907
"60","D75007- D75231-",0.039006500234624,0.0105275710480777,0.730107264564768
"61","D75007- D75232-",0.0373556181793542,0.00871229304067795,0.766774223924018
"62","D75007- D75246R",0.281746609070662,0.00897935870902818,0.96812966538037
"63","D75007- D75250-",0.0348280845012726,0.00997481505507162,0.713598516889232
"64","D75007- D75259-",0.0381738027021705,0.00894892484078065,0.765574184196435
"65","D75007- D75260-",0.0399685643123144,0.00915148346217719,0.77103297004447
"66","D75007- D75263-",0.297259829819828,0.00979816265826218,0.967038389733988
"67","D75007- D75293-",0.036349224666161,0.010177122584588,0.720018166052871
"68","D75007- D75312-",0.0400074958640148,0.00991536064681121,0.752162427748204
"69","D75007- D75362R",0.300246476719942,0.0106859205163818,0.964409505706376
"70","D75007- D75365-",0.0336187506997672,0.00937478140444076,0.721144265943658
"71","D75007- D75374-",0.0360128122028651,0.00918481922358308,0.744956901120531
"72","D75007- D75375-",0.0383311126169762,0.00923582729430287,0.759051416362684
"73","D75007- D75379-",0.0406870142017357,0.00914004252130374,0.775357255856002
"74","D75007- D75389-",0.0373821285709177,0.0120578736771233,0.677442827947899
"75","D75007- D75404R",0.0439159335674075,0.00963868829526461,0.780519562894638
"76","D75008- D75013-",0.0413316235776201,0.0112294393434065,0.728308777362258
"77","D75008- D75020-",0.0452303986929377,0.0128121196061861,0.716736531703697
"78","D75008- D75038-",0.0454925572125064,0.0109035695825486,0.760321902072564
"79","D75008- D75050-",0.0460546211671817,0.0131213255810137,0.715092096113823
"80","D75008- D75073-",0.0440869659678641,0.0132960251901727,0.698413694426955
"81","D75008- D75078-",0.0419243408947051,0.0107663135522242,0.743196593614572
"82","D75008- D75091-",0.0425612606180235,0.0121198718661556,0.715237009191802
"83","D75008- D75124-",0.0347934751747437,0.00719700450154776,0.793150742620501
"84","D75008- D75145-",0.0416757654550864,0.0113435815941506,0.727813479361874
"85","D75008- D75174-",0.0396816916858829,0.0115462006807068,0.709029524948037
"86","D75008- D75180-",0.0369857720351135,0.0100935876875555,0.72709539014157
"87","D75008- D75187-",0.024090967550185,0.0101765439584562,0.577578445645366
"88","D75008- D75196-",0.029806920813898,0.0105608028208145,0.645692928607027
"89","D75008- D75199-",0.0280429867083819,0.00971241716132053,0.653659673902796
"90","D75008- D75203-",0.0405843552892806,0.0111180752133253,0.726050219744113
"91","D75008- D75204-",0.0342340262095642,0.0103243030699345,0.698419840928609
"92","D75008- D75208-",0.034993786113115,0.00991307345133313,0.716719036365777
"93","D75008- D75210-",0.0289581318882915,0.0112186821091055,0.612589577518931
"94","D75008- D75215-",0.0398431204361762,0.0113920339073199,0.714077768442646
"95","D75008- D75222-",0.0408439314772025,0.010470868556199,0.743637104032373
"96","D75008- D75231-",0.0411486282921223,0.0118144983725912,0.712882327723837
"97","D75008- D75232-",0.0327020446568908,0.00999922036519145,0.694232563434395
"98","D75008- D75246R",0.292592592567475,0.0102662860335417,0.964912693300073
"99","D75008- D75250-",0.0395835908769687,0.0112617423795851,0.715494675190329
"100","D75008- D75259-",0.0414419379236509,0.0102358521652942,0.753007395934239
"101","D75008- D75260-",0.0382411604135609,0.0104384107866907,0.727037289825832
"102","D75008- D75263-",0.272995232641869,0.0110850899827757,0.959394565701747
"103","D75008- D75293-",0.0400562140740922,0.0114640499091015,0.713800962619773
"104","D75008- D75312-",0.0325776542552806,0.0112022879713247,0.656135832139943
"105","D75008- D75362R",0.248121752074319,0.0119728478408953,0.951746077315667
"106","D75008- D75365-",0.0370639037274298,0.0106617087289543,0.712342531230355
"107","D75008- D75374-",0.0250294686760586,0.0104717465480966,0.581623298375762
"108","D75008- D75375-",0.0174808931238357,0.0105227546188164,0.39804250593648
"109","D75008- D75379-",0.0359073599534408,0.0104269698458172,0.709614690154404
"110","D75008- D75389-",0.0405126782278589,0.0133448010016367,0.670601856372456
"111","D75008- D75404R",0.0423643135752534,0.0109256156197781,0.742103324762467
"112","D75013- D75020-",0.0430322961975576,0.011383570094158,0.735464497597408
"113","D75013- D75038-",0.042407207695673,0.0094750200705205,0.776570526913346
"114","D75013- D75050-",0.0330177569231418,0.0116927760689856,0.645864008987532
"115","D75013- D75073-",0.0414651022920111,0.0118674756781446,0.713796059284507
"116","D75013- D75078-",0.0328136150512419,0.00933776404019612,0.715430194886658
"117","D75013- D75091-",0.0428235636702971,0.0106913223541275,0.750340199698441
"118","D75013- D75124-",0.0341999517019779,0.00576845498951969,0.83133148725511
"119","D75013- D75145-",0.0362195536602661,0.00991503208212252,0.72625195287816
"120","D75013- D75174-",0.0421531590670142,0.0101176511686788,0.759978815523792
"121","D75013- D75180-",0.0372523521101081,0.0086650381755274,0.767396212998421
"122","D75013- D75187-",0.021497305194132,0.00874799444642815,0.593065532287459
"123","D75013- D75196-",0.0246071264946588,0.00913225330878638,0.628877702938269
"124","D75013- D75199-",0.0248337075462894,0.00828386764929245,0.666426463553558
"125","D75013- D75203-",0.038198575824133,0.00968952570129722,0.746338037682138
"126","D75013- D75204-",0.0287342518322015,0.00889575355790647,0.690412904785038
"127","D75013- D75208-",0.0297292940222266,0.00848452393930505,0.714607284890056
"128","D75013- D75210-",0.0266793859934985,0.00979013259707743,0.633045055854615
"129","D75013- D75215-",0.0316091611212299,0.00996348439529183,0.684791242732476
"130","D75013- D75222-",0.0370642124983576,0.00904231904417089,0.756036391045093
"131","D75013- D75231-",0.0364535940147815,0.0103859488605631,0.715091223752815
"132","D75013- D75232-",0.0289877131626499,0.00857067085316338,0.704334356936907
"133","D75013- D75246R",0.232189946177206,0.00883773652151361,0.96193747116523
"134","D75013- D75250-",0.0357916801200607,0.00983319286755704,0.7252659602854
"135","D75013- D75259-",0.0375738775775668,0.00880730265326608,0.765600379277213
"136","D75013- D75260-",0.0311355090842036,0.00900986127466262,0.710624250584882
"137","D75013- D75263-",0.19028343579171,0.00965654047074761,0.949251807281229
"138","D75013- D75293-",0.03777267075441,0.0100355003970734,0.734318484855833
"139","D75013- D75312-",0.0285672392763103,0.00977373845929664,0.657868988852499
"140","D75013- D75362R",0.168141709441276,0.0105442983288673,0.937289216554862
"141","D75013- D75365-",0.0366672947995674,0.00923315921692619,0.748190880527267
"142","D75013- D75374-",0.0386679520247981,0.00904319703606851,0.76613198882969
"143","D75013- D75375-",0.0334209607467971,0.00909420510678829,0.72788917782204
"144","D75013- D75379-",0.0351527914544155,0.00899842033378917,0.744019750310359
"145","D75013- D75389-",0.0313926571898638,0.0119162514896087,0.620412779410841
"146","D75013- D75404R",0.0368033357901766,0.00949706610775004,0.741950942656536
"147","D75020- D75038-",0.046241940824113,0.0110577003333001,0.76087291890798
"148","D75020- D75050-",0.0421821112789953,0.0132754563317652,0.685282316857958
"149","D75020- D75073-",0.0470941856808948,0.0134501559409242,0.714398800054405
"150","D75020- D75078-",0.0388013069211382,0.0109204443029757,0.718554729994766
"151","D75020- D75091-",0.0456763515507131,0.012274002616907,0.731283208920932
"152","D75020- D75124-",0.0393074478457669,0.00735113525229926,0.812983654366384
"153","D75020- D75145-",0.0406744139244917,0.0114977123449021,0.717323220286676
"154","D75020- D75174-",0.0454197558098291,0.0117003314314583,0.742395545223818
"155","D75020- D75180-",0.041222066672488,0.010247718438307,0.751402118682555
"156","D75020- D75187-",0.0235983993080076,0.0103306747092077,0.562229854051913
"157","D75020- D75196-",0.0243929099299526,0.010714933571566,0.560735738280703
"158","D75020- D75199-",0.0272849067149143,0.00986654791207203,0.638388065051406
"159","D75020- D75203-",0.0445864862344976,0.0112722059640768,0.747183352713827
"160","D75020- D75204-",0.0317866300042613,0.010478433820686,0.670350904789803
"161","D75020- D75208-",0.0335732568069142,0.0100672042020846,0.700142161959952
"162","D75020- D75210-",0.0298667935783041,0.011372812859857,0.619215473196344
"163","D75020- D75215-",0.0377009659476587,0.0115461646580714,0.693743532351366
"164","D75020- D75222-",0.0423566275693827,0.0106249993069505,0.749153794419868
"165","D75020- D75231-",0.0421636209412041,0.0119686291233427,0.716138489622782
"166","D75020- D75232-",0.0340355629837661,0.0101533511159429,0.701684055563125
"167","D75020- D75246R",0.272570342680361,0.0104204167842932,0.961769807082376
"168","D75020- D75250-",0.0408293330442701,0.0114158731303366,0.72040020546114
"169","D75020- D75259-",0.0435043875008987,0.0103899829160457,0.761173906520784
"170","D75020- D75260-",0.0377932364269139,0.0105925415374422,0.719723883453948
"171","D75020- D75263-",0.239223296551979,0.0112392207335272,0.953017867007426
"172","D75020- D75293-",0.0422189200396001,0.011618180659853,0.724811040904043
"173","D75020- D75312-",0.032092146775197,0.0113564187220762,0.646130911664244
"174","D75020- D75362R",0.210703176852723,0.0121269785916468,0.942445202902074
"175","D75020- D75365-",0.0369335798928981,0.0108158394797058,0.707154315637149
"176","D75020- D75374-",0.0412643088930893,0.0106258772988481,0.742492299425675
"177","D75020- D75375-",0.0368944978714154,0.0106768853695679,0.710610362369508
"178","D75020- D75379-",0.0383885392214623,0.0105811005965687,0.724368240856296
"179","D75020- D75389-",0.0430162680565054,0.0134989317523882,0.686190077329435
"180","D75020- D75404R",0.0442444380625847,0.0110797463705296,0.749578775193007
"181","D75038- D75050-",0.0509397759419046,0.0113669063081277,0.776855981441863
"182","D75038- D75073-",0.0454543654928182,0.0115416059172867,0.746083664524802
"183","D75038- D75078-",0.0411030093785668,0.00901189427933817,0.780748553072189
"184","D75038- D75091-",0.042968095386834,0.0103654525932695,0.758763973595962
"185","D75038- D75124-",0.0339378257913946,0.00544258522866174,0.839630704037564
"186","D75038- D75145-",0.0470216023949478,0.00958916232126458,0.796069001632006
"187","D75038- D75174-",0.0373171825819567,0.00979178140782083,0.737606627019177
"188","D75038- D75180-",0.0354786663381099,0.00833916841466945,0.764952596154613
"189","D75038- D75187-",0.029161014801288,0.0084221246855702,0.711185473380776
"190","D75038- D75196-",0.0362118641757166,0.00880638354792843,0.756809439436871
"191","D75038- D75199-",0.0343093293940308,0.0079579978884345,0.768051488356428
"192","D75038- D75203-",0.0417837041760886,0.00936365594043927,0.775901727118828
"193","D75038- D75204-",0.0406918209415528,0.00856988379704851,0.789395421518301
"194","D75038- D75208-",0.0398422440891046,0.0081586541784471,0.795226037966115
"195","D75038- D75210-",0.0355779329770437,0.00946426283621948,0.733985028238538
"196","D75038- D75215-",0.042390992936237,0.00963761463443388,0.772649471812788
"197","D75038- D75222-",0.0380804414284228,0.00871644928331293,0.771104300361206
"198","D75038- D75231-",0.0377981249385434,0.0100600790997052,0.733847138818076
"199","D75038- D75232-",0.0397709362458794,0.00824480109230542,0.792692808604433
"200","D75038- D75246R",0.288106243587663,0.00851186676065566,0.970455805974001
"201","D75038- D75250-",0.0347947752718767,0.00950732310669909,0.726760037033965
"202","D75038- D75259-",0.0396103967929127,0.00848143289240813,0.785878618264039
"203","D75038- D75260-",0.0393409059986938,0.00868399151380467,0.779263052200857
"204","D75038- D75263-",0.280774995945586,0.00933067070988965,0.966768156550173
"205","D75038- D75293-",0.0343727815486035,0.00970963063621548,0.717519787495639
"206","D75038- D75312-",0.0370705056226546,0.00944786869843869,0.745137851784118
"207","D75038- D75362R",0.269161813380318,0.0102184285680093,0.962036113371064
"208","D75038- D75365-",0.0337263202148504,0.00890728945606824,0.735895010207898
"209","D75038- D75374-",0.0413341321906045,0.00871732727521056,0.789100996846571
"210","D75038- D75375-",0.0437595215839071,0.00876833534593034,0.799624515338509
"211","D75038- D75379-",0.0451579763485147,0.00867255057293122,0.807950858869333
"212","D75038- D75389-",0.0390056720813687,0.0115903817287507,0.702853941227513
"213","D75038- D75404R",0.0474710326753519,0.00917119634689209,0.806804364050543
"214","D75050- D75073-",0.0479272849020348,0.0137593619157518,0.712911717326019
"215","D75050- D75078-",0.0404904811594669,0.0112296502778033,0.7226595003014
"216","D75050- D75091-",0.0449758717749753,0.0125832085917346,0.720223130866893
"217","D75050- D75124-",0.0360321221170063,0.00766034122712686,0.787402440459887
"218","D75050- D75145-",0.0474806440690646,0.0118069183197297,0.751331967979298
"219","D75050- D75174-",0.0382113414731034,0.012009537406286,0.685707516582757
"220","D75050- D75180-",0.0395736712367535,0.0105569244131346,0.733233635313319
"221","D75050- D75187-",0.035227057746405,0.0106398806840353,0.69796283411943
"222","D75050- D75196-",0.0392109422354538,0.0110241395463936,0.718850430061185
"223","D75050- D75199-",0.0413695042841719,0.0101757538868996,0.754027657256872
"224","D75050- D75203-",0.0428687104105484,0.0115814119389044,0.729839973538028
"225","D75050- D75204-",0.0403519329168611,0.0107876397955136,0.732661138742972
"226","D75050- D75208-",0.0441882268545839,0.0103764101769122,0.765177041136788
"227","D75050- D75210-",0.0417879991561682,0.0116820188346846,0.720445604705143
"228","D75050- D75215-",0.0416998709064341,0.011855370632899,0.715697665839302
"229","D75050- D75222-",0.0393967699346881,0.0109342052817781,0.722459346288928
"230","D75050- D75231-",0.0415798522274738,0.0122778350981703,0.704716721189842
"231","D75050- D75232-",0.0443675311582788,0.0104625570907705,0.764184374978046
"232","D75050- D75246R",0.284072273109234,0.0107296227591208,0.96222925017749
"233","D75050- D75250-",0.0354357384419348,0.0117250791051642,0.66911712241084
"234","D75050- D75259-",0.0391400388869202,0.0106991888908733,0.726643376063464
"235","D75050- D75260-",0.0448020466281192,0.0109017475122698,0.756668537873725
"236","D75050- D75263-",0.301183146938753,0.0115484267083548,0.961656464427928
"237","D75050- D75293-",0.0381574834749736,0.0119273866346806,0.687416843343366
"238","D75050- D75312-",0.0441002872668644,0.0116656246969038,0.735475085994077
"239","D75050- D75362R",0.308934167934987,0.0124361845664745,0.959744871700007
"240","D75050- D75365-",0.0325244103089379,0.0111250454545334,0.65794781984176
"241","D75050- D75374-",0.0423169507589515,0.0109350832736757,0.741590944584717
"242","D75050- D75375-",0.0465760047088889,0.0109860913443955,0.76412551026948
"243","D75050- D75379-",0.0470110433035407,0.0108903065713963,0.768345779924945
"244","D75050- D75389-",0.0315602772579136,0.0138081377272158,0.562483636807927
"245","D75050- D75404R",0.0506837266994375,0.0113889523453572,0.775293706934861
"246","D75073- D75078-",0.0428960685794094,0.0114043498869623,0.734139974486228
"247","D75073- D75091-",0.0428814288339142,0.0127579082008937,0.702484069495287
"248","D75073- D75124-",0.0396490490942193,0.00783504083628586,0.802390195596691
"249","D75073- D75145-",0.0443196696417843,0.0119816179288887,0.729654620042734
"250","D75073- D75174-",0.0414918402870081,0.0121842370154449,0.706346189246754
"251","D75073- D75180-",0.0380646184863092,0.0107316240222936,0.718068262626789
"252","D75073- D75187-",0.0274107408903526,0.0108145802931943,0.605461948786632
"253","D75073- D75196-",0.0335227369398636,0.0111988391555526,0.665933030001633
"254","D75073- D75199-",0.0333979390091098,0.0103504534960586,0.690087059167472
"255","D75073- D75203-",0.0440761124495246,0.0117561115480634,0.733277031600136
"256","D75073- D75204-",0.0374522425446231,0.0109623394046726,0.707298184037675
"257","D75073- D75208-",0.0381378506529251,0.0105511097860712,0.723342831191721
"258","D75073- D75210-",0.0332031044839613,0.0118567184438436,0.642903317984287
"259","D75073- D75215-",0.0429058028070783,0.012030070242058,0.719616707880982
"260","D75073- D75222-",0.0413594212789907,0.0111089048909371,0.731405697966571
"261","D75073- D75231-",0.0404268353276306,0.0124525347073293,0.691973546620446
"262","D75073- D75232-",0.038092323240165,0.0106372566999295,0.720750644877614
"263","D75073- D75246R",0.296341310536241,0.0109043223682798,0.963203502243585
"264","D75073- D75250-",0.0399741649826891,0.0118997787143232,0.702313263592212
"265","D75073- D75259-",0.0437067603004731,0.0108738885000323,0.751208087140823
"266","D75073- D75260-",0.0410831034147935,0.0110764471214288,0.730389230589617
"267","D75073- D75263-",0.296559161768634,0.0117231263175138,0.960469518973554
"268","D75073- D75293-",0.0397652548134919,0.0121020862438396,0.695661795690707
"269","D75073- D75312-",0.035022568503251,0.0118403243060628,0.661923016726665
"270","D75073- D75362R",0.282812706574413,0.0126108841756334,0.955409060899761
"271","D75073- D75365-",0.0384026297328638,0.0112997450636924,0.705755956238008
"272","D75073- D75374-",0.0398108873876891,0.0111097828828347,0.720936065186274
"273","D75073- D75375-",0.0398844324884014,0.0111607909535545,0.720171749797365
"274","D75073- D75379-",0.0419940931351523,0.0110650061805553,0.736510414811338
"275","D75073- D75389-",0.0420486923641242,0.0139828373363748,0.667460828144445
"276","D75073- D75404R",0.0464294159117547,0.0115636519545162,0.750941257230234
"277","D75078- D75091-",0.0393017792157478,0.0102281965629451,0.739752327577913
"278","D75078- D75124-",0.0339610419924543,0.00530532919833735,0.843781907530513
"279","D75078- D75145-",0.0376744010394182,0.00945190629094019,0.749115950614562
"280","D75078- D75174-",0.0358410020561227,0.00965452537749644,0.730629033128633
"281","D75078- D75180-",0.032708311275042,0.00820191238434506,0.749240726145238
"282","D75078- D75187-",0.0246963730050065,0.00828486865524581,0.664530955474057
"283","D75078- D75196-",0.0266723716359026,0.00866912751760405,0.674977252268978
"284","D75078- D75199-",0.0282799151538407,0.00782074185811012,0.723452428496838
"285","D75078- D75203-",0.0398315889752559,0.00922639991011488,0.768364754018563
"286","D75078- D75204-",0.0325412917371641,0.00843262776672413,0.740863766723385
"287","D75078- D75208-",0.0337613909060567,0.00802139814812271,0.762409132655619
"288","D75078- D75210-",0.0300468514912513,0.0093270068058951,0.689584554021881
"289","D75078- D75215-",0.0378152059675267,0.00950035860410949,0.748768825634117
"290","D75078- D75222-",0.0387286043983452,0.00857919325298855,0.778479152908615
"291","D75078- D75231-",0.0399143116442924,0.00992282306938079,0.751396863415538
"292","D75078- D75232-",0.0336948084630987,0.00810754506198104,0.759382960408868
"293","D75078- D75246R",0.291726603850915,0.00837461073033127,0.971292948192647
"294","D75078- D75250-",0.0344730483900063,0.0093700670763747,0.728191514415328
"295","D75078- D75259-",0.0400282889363658,0.00834417686208375,0.791543004115196
"296","D75078- D75260-",0.0381090244358394,0.00854673548348029,0.77572935518542
"297","D75078- D75263-",0.278934418351949,0.00919341467956527,0.96704094556031
"298","D75078- D75293-",0.0372192422721881,0.00957237460589109,0.742811136887545
"299","D75078- D75312-",0.0318467740482268,0.0093106126681143,0.707643460087515
"300","D75078- D75362R",0.254093592248872,0.0100811725376849,0.960324963536227
"301","D75078- D75365-",0.0276787966012392,0.00877003342574385,0.683149757119454
"302","D75078- D75374-",0.0344301778812226,0.00858007124488617,0.750797940269558
"303","D75078- D75375-",0.0369392338860572,0.00863107931560595,0.766343846160172
"304","D75078- D75379-",0.0369643608395986,0.00853529454260684,0.76909395026078
"305","D75078- D75389-",0.0312765763701248,0.0114531256984263,0.633811400490551
"306","D75078- D75404R",0.0418580421833758,0.0090339403165677,0.784176711443145
"307","D75091- D75124-",0.0373175520271119,0.00665888751226871,0.821561513267781
"308","D75091- D75145-",0.039845121598179,0.0108054646048715,0.728813361047306
"309","D75091- D75174-",0.0410599146369665,0.0110080836914278,0.731901934313396
"310","D75091- D75180-",0.0363325262075426,0.00955547069827642,0.736999551209497
"311","D75091- D75187-",0.0249477673094103,0.00963842696917717,0.613655729202606
"312","D75091- D75196-",0.0307745197106876,0.0100226858315354,0.674318692029671
"313","D75091- D75199-",0.0292197197552347,0.00917430017204147,0.686023676856178
"314","D75091- D75203-",0.0407460594682735,0.0105799582240462,0.740344014559636
"315","D75091- D75204-",0.0324911525246564,0.00978618608065549,0.698804587703403
"316","D75091- D75208-",0.0320221194761315,0.00937495646205408,0.707234979588345
"317","D75091- D75210-",0.0303802919986618,0.0106805651198265,0.648437706908909
"318","D75091- D75215-",0.0378928938141441,0.0108539169180408,0.713563261458024
"319","D75091- D75222-",0.0373873793445178,0.00993275156691991,0.734328756359427
"320","D75091- D75231-",0.0379749126683365,0.0112763813833121,0.703057081874098
"321","D75091- D75232-",0.0336515484389399,0.0094611033759124,0.718850875671311
"322","D75091- D75246R",0.278795342125185,0.00972816904426263,0.965106414726633
"323","D75091- D75250-",0.0389205713437474,0.0107236253903061,0.724474101482356
"324","D75091- D75259-",0.0410278240402806,0.0096977351760151,0.763630282549374
"325","D75091- D75260-",0.0264437472391082,0.00990029379741164,0.625609271337691
"326","D75091- D75263-",0.252240884655143,0.0105469729934966,0.958186901350603
"327","D75091- D75293-",0.0380727309152537,0.0109259329198225,0.713024711987628
"328","D75091- D75312-",0.0306038053987659,0.0106641709820457,0.65154101448849
"329","D75091- D75362R",0.227035669549144,0.0114347308516163,0.949634650474422
"330","D75091- D75365-",0.0363742203261315,0.0101235917396752,0.72168223404084
"331","D75091- D75374-",0.040795203702789,0.00993362955881753,0.756500062331141
"332","D75091- D75375-",0.0371432522042581,0.00998463762953732,0.731185692232069
"333","D75091- D75379-",0.0396492870702075,0.00988885285653819,0.750591912560045
"334","D75091- D75389-",0.0415266754268195,0.0128066840123577,0.691603436087093
"335","D75091- D75404R",0.0408563238089608,0.0103874986304991,0.745755426281872
"336","D75124- D75145-",0.0307893067337514,0.00588259724026376,0.808940250226056
"337","D75124- D75174-",0.0343489925744836,0.00608521632682001,0.822841490514617
"338","D75124- D75180-",0.0278383960529292,0.00463260333366864,0.833589430768186
"339","D75124- D75187-",0.0169079697923647,0.00471555960456939,0.721104327575813
"340","D75124- D75196-",0.0205301659755171,0.00509981846692761,0.751593899776099
"341","D75124- D75199-",0.0182774004009773,0.00425143280743369,0.767394010408266
"342","D75124- D75203-",0.0318054812301044,0.00565709085943845,0.822134718902353
"343","D75124- D75204-",0.0238273880141199,0.0048633187160477,0.795893754146877
"344","D75124- D75208-",0.0240086704849513,0.00445208909744628,0.814563280368362
"345","D75124- D75210-",0.0208376668898202,0.00575769775521866,0.723687983608593
"346","D75124- D75215-",0.0323041161449436,0.00593104955343306,0.816399571905284
"347","D75124- D75222-",0.0353994507238246,0.00500988420231212,0.85847565146144
"348","D75124- D75231-",0.0393820986463724,0.00635351401870436,0.83866999888058
"349","D75124- D75232-",0.0232293908107461,0.00453823601130461,0.804633877475376
"350","D75124- D75246R",0.233949979357557,0.00480530167965484,0.979460132063911
"351","D75124- D75250-",0.0378321534259007,0.00580075802569827,0.846671217458984
"352","D75124- D75259-",0.0367444748654741,0.00477486781140731,0.870052087316837
"353","D75124- D75260-",0.0311028307571074,0.00497742643280385,0.839968700223003
"354","D75124- D75263-",0.197512223028867,0.00562410562888884,0.971525278068148
"355","D75124- D75293-",0.0385480719095688,0.00600306555521466,0.844270666265813
"356","D75124- D75312-",0.0228478661297746,0.00574130361743787,0.748715981403795
"357","D75124- D75362R",0.166085208960436,0.00651186348700851,0.960792032428609
"358","D75124- D75365-",0.0306312941655731,0.00520072437506742,0.830215323356707
"359","D75124- D75374-",0.0283321368957575,0.00501076219420974,0.823142101400757
"360","D75124- D75375-",0.0274924844566986,0.00506177026492952,0.815885309568804
"361","D75124- D75379-",0.0271904822184496,0.0049659854919304,0.817363095952714
"362","D75124- D75389-",0.0331365586088214,0.00788381664774991,0.762081007239807
"363","D75124- D75404R",0.029718283388484,0.00546463126589127,0.81611887892526
"364","D75145- D75174-",0.0331593894338844,0.0102317934194229,0.691436012722015
"365","D75145- D75180-",0.0356835143193525,0.00877918042627148,0.753970969683606
"366","D75145- D75187-",0.033051934171262,0.00886213669717223,0.731872372392727
"367","D75145- D75196-",0.0373618657822675,0.00924639555953045,0.752517831592904
"368","D75145- D75199-",0.0389792073132776,0.00839800990003653,0.784551547379059
"369","D75145- D75203-",0.0394744378088954,0.00980366795204129,0.75164515326341
"370","D75145- D75204-",0.0385444998846646,0.00900989580865054,0.766246913681315
"371","D75145- D75208-",0.0416195924693882,0.00859866619004913,0.793398597154127
"372","D75145- D75210-",0.0381656882854807,0.00990427484782151,0.740492696640575
"373","D75145- D75215-",0.039375234803425,0.0100776266460359,0.744061801882656
"374","D75145- D75222-",0.0357250361303732,0.00915646129491496,0.743696234161952
"375","D75145- D75231-",0.0369854683829294,0.0105000911113072,0.71610225392864
"376","D75145- D75232-",0.0421857694257941,0.00868481310390745,0.794129318437956
"377","D75145- D75246R",0.281364326741568,0.00895187877225768,0.968184030733648
"378","D75145- D75250-",0.0301219922998701,0.00994733511830112,0.669765033492024
"379","D75145- D75259-",0.0363375075213533,0.00892144490401016,0.75448385118964
"380","D75145- D75260-",0.0416972157072197,0.0091240035254067,0.781184345989152
"381","D75145- D75263-",0.301817103266606,0.00977068272149168,0.967627140358375
"382","D75145- D75293-",0.033676487864859,0.0101496426478175,0.698613386035171
"383","D75145- D75312-",0.0421534723628247,0.00988788071004071,0.765431406814285
"384","D75145- D75362R",0.305502197151199,0.0106584405796114,0.965111738380277
"385","D75145- D75365-",0.0303515229175328,0.00934730146767026,0.692031879485338
"386","D75145- D75374-",0.0376401202288918,0.00915733928681258,0.756713335899932
"387","D75145- D75375-",0.0425749670334761,0.00920834735753237,0.783714515849373
"388","D75145- D75379-",0.0443725037319359,0.00911256258453325,0.794634924376045
"389","D75145- D75389-",0.0345002246188901,0.0120303937403527,0.651295205371918
"390","D75145- D75404R",0.0487892151046267,0.00961120835849411,0.803005472871756
"391","D75174- D75180-",0.036722561224015,0.00898179951282773,0.755414676606108
"392","D75174- D75187-",0.0180743542316951,0.00906475578372848,0.498474154731761
"393","D75174- D75196-",0.021595118470587,0.0094490146460867,0.562446732628188
"394","D75174- D75199-",0.0201334274882808,0.00860062898659278,0.572818438807848
"395","D75174- D75203-",0.0317264361107081,0.0100062870385975,0.684607278180221
"396","D75174- D75204-",0.0262326039475573,0.00921251489520679,0.648814318486113
"397","D75174- D75208-",0.0268537207729384,0.00880128527660537,0.672250808332125
"398","D75174- D75210-",0.0217876508468922,0.0101068939343778,0.53611823480183
"399","D75174- D75215-",0.0320890053028538,0.0102802457325922,0.679633393569918
"400","D75174- D75222-",0.0397532317450952,0.00935908038147121,0.764570577771304
"401","D75174- D75231-",0.0394847746044826,0.0107027101978634,0.72894083086273
"402","D75174- D75232-",0.022600262943869,0.0088874321904637,0.606755363309846
"403","D75174- D75246R",0.219777452329147,0.00915449785881393,0.95834651024572
"404","D75174- D75250-",0.0412352845352471,0.0101499542048574,0.753852693894197
"405","D75174- D75259-",0.0356543647097882,0.0091240639905664,0.744096857009443
"406","D75174- D75260-",0.0310419939553414,0.00932662261196295,0.699548211194787
"407","D75174- D75263-",0.177751253541955,0.00997330180804793,0.943891806053036
"408","D75174- D75293-",0.0409384481977354,0.0103522617343738,0.747126181129982
"409","D75174- D75312-",0.0246850137042008,0.010090499796597,0.591229726768197
"410","D75174- D75362R",0.14758652712509,0.0108610596661676,0.926408867545463
"411","D75174- D75365-",0.0415118748102333,0.00954992055422651,0.769947259720673
"412","D75174- D75374-",0.0343217073317222,0.00935995837336883,0.727287506914966
"413","D75174- D75375-",0.0297833347827097,0.00941096644408861,0.684019049151204
"414","D75174- D75379-",0.0297243394629641,0.0093151816710895,0.686614342340693
"415","D75174- D75389-",0.04437186462284,0.012233012826909,0.724306992034493
"416","D75174- D75404R",0.0325726163449607,0.00981382744505036,0.698709267284
"417","D75180- D75187-",0.0207645347396218,0.0076121427905771,0.633406532531066
"418","D75180- D75196-",0.0264754097510246,0.00799640165293533,0.697968729166662
"419","D75180- D75199-",0.0260210141159057,0.0071480159934414,0.72529833150999
"420","D75180- D75203-",0.0348936936842603,0.00855367404544616,0.754864758003406
"421","D75180- D75204-",0.0306655945638725,0.00775990190205541,0.74695087401966
"422","D75180- D75208-",0.0284346469765175,0.007348672283454,0.741559222116496
"423","D75180- D75210-",0.0276985860231348,0.00865428094122638,0.687555136063695
"424","D75180- D75215-",0.0325220764571052,0.00882763273944077,0.728564910328406
"425","D75180- D75222-",0.0317323094250826,0.00790646738831983,0.750838576467736
"426","D75180- D75231-",0.0232949812674969,0.00925009720471207,0.602914589263114
"427","D75180- D75232-",0.0292090124162127,0.00743481919731232,0.745461466092378
"428","D75180- D75246R",0.206786572083887,0.00770188486566255,0.962754424583536
"429","D75180- D75250-",0.0305325747029149,0.00869734121170599,0.715145502915099
"430","D75180- D75259-",0.0330093985695251,0.00767145099741503,0.767597977247078
"431","D75180- D75260-",0.0313389291608004,0.00787400961881157,0.748746692064367
"432","D75180- D75263-",0.196574475334696,0.00852068881489655,0.956654144438697
"433","D75180- D75293-",0.0311151442647602,0.00889964874122237,0.713976941083902
"434","D75180- D75312-",0.0289953839393966,0.00863788680344559,0.702094415390405
"435","D75180- D75362R",0.194818057973852,0.00940844667301623,0.95170649594362
"436","D75180- D75365-",0.0333387889211561,0.00809730756107514,0.757120524676985
"437","D75180- D75374-",0.0362080994632894,0.00790734538021745,0.781613906904047
"438","D75180- D75375-",0.0331829945733163,0.00795835345093724,0.760167713816376
"439","D75180- D75379-",0.031225167033448,0.00786256867793812,0.748197706372048
"440","D75180- D75389-",0.0415037516261622,0.0107803998337576,0.740254810435929
"441","D75180- D75404R",0.0358040853745096,0.00836121445189899,0.766473172978979
"442","D75187- D75196-",0.0440433421094091,0.00807935792383608,0.816558927254749
"443","D75187- D75199-",0.0445874169207909,0.00723097226434215,0.837824822254496
"444","D75187- D75203-",0.023393860175967,0.00863663031634691,0.630816365859129
"445","D75187- D75204-",0.0330455445770564,0.00784285817295616,0.76266518608377
"446","D75187- D75208-",0.0309633809564869,0.00743162855435475,0.75998652844796
"447","D75187- D75210-",0.0405284194414446,0.00873723721212713,0.784417025570151
"448","D75187- D75215-",0.0269208075935767,0.00891058901034152,0.669007366165805
"449","D75187- D75222-",0.0191099649299879,0.00798942365922059,0.581923688060601
"450","D75187- D75231-",0.0209464962132481,0.00933305347561282,0.554433668495359
"451","D75187- D75232-",0.0359981605500158,0.00751777546821308,0.791162232921099
"452","D75187- D75246R",0.166350923774231,0.0077848411365633,0.953202296927856
"453","D75187- D75250-",0.016807111796646,0.00878029748260674,0.47758439469898
"454","D75187- D75259-",0.0196275749141117,0.00775440726831578,0.60492280364496
"455","D75187- D75260-",0.0302591822726614,0.00795696588971232,0.737039625922037
"456","D75187- D75263-",0.223379915179368,0.00860364508579731,0.961484249472972
"457","D75187- D75293-",0.0179343362061478,0.00898260501212312,0.499139253949976
"458","D75187- D75312-",0.0376577739634251,0.00872084307434634,0.768418518768093
"459","D75187- D75362R",0.282852238820882,0.00949140294391698,0.966443953268733
"460","D75187- D75365-",0.0173538680952572,0.00818026383197589,0.528620144680507
"461","D75187- D75374-",0.0222872406068156,0.0079903016511182,0.641485377571834
"462","D75187- D75375-",0.0310435123433106,0.00804130972183799,0.740966497833459
"463","D75187- D75379-",0.0306944047652286,0.00794552494883887,0.741140934003719
"464","D75187- D75389-",0.0203136959338646,0.0108633561046584,0.465220108638712
"465","D75187- D75404R",0.0330545718448838,0.00844417072279974,0.744538493421547
"466","D75196- D75199-",0.047974792513196,0.00761523112670038,0.841265991414018
"467","D75196- D75203-",0.0281832224263898,0.00902088917870515,0.679919881331303
"468","D75196- D75204-",0.0356877118466836,0.00822711703531439,0.769469192346695
"469","D75196- D75208-",0.0382327140934592,0.00781588741671298,0.795570688557261
"470","D75196- D75210-",0.0465994936087211,0.00912149607448536,0.804257613804235
"471","D75196- D75215-",0.0314919301771834,0.00929484787269975,0.704849851361792
"472","D75196- D75222-",0.023451457055735,0.00837368252157882,0.642935511355315
"473","D75196- D75231-",0.026131330178703,0.00971731233797105,0.628135564798356
"474","D75196- D75232-",0.0419457390799697,0.00790203433057131,0.811612943200117
"475","D75196- D75246R",0.185284302680044,0.00816909999892153,0.955910458248434
"476","D75196- D75250-",0.019569813635361,0.00916455634496497,0.531699355153522
"477","D75196- D75259-",0.0230005408476641,0.00813866613067401,0.646153271587065
"478","D75196- D75260-",0.0354434919517932,0.00834122475207055,0.764661316006463
"479","D75196- D75263-",0.240277857616545,0.00898790394815554,0.962593706980278
"480","D75196- D75293-",0.0219439562232166,0.00936686387448135,0.573146073606761
"481","D75196- D75312-",0.0457225393396538,0.00910510193670457,0.800861849140387
"482","D75196- D75362R",0.295777471849414,0.0098756618062752,0.966611176488441
"483","D75196- D75365-",0.0185373632276174,0.00856452269433412,0.537985926629818
"484","D75196- D75374-",0.0272353302510452,0.00837456051347643,0.692511145035407
"485","D75196- D75375-",0.037246150791074,0.00842556858419622,0.773786863736389
"486","D75196- D75379-",0.0368978683421451,0.0083297838111971,0.774247559941484
"487","D75196- D75389-",0.0237279961499831,0.0112476149670166,0.525977040120827
"488","D75196- D75404R",0.0402996220812613,0.00882842958515797,0.780930214001609
"489","D75199- D75203-",0.0264239086358681,0.00817250351921122,0.690715570060753
"490","D75199- D75204-",0.0376093792277963,0.00737873137582046,0.803806084351241
"491","D75199- D75208-",0.0401988291634346,0.00696750175721905,0.826674012596447
"492","D75199- D75210-",0.0447554586687949,0.00827311041499143,0.815148572686626
"493","D75199- D75215-",0.0317763526041848,0.00844646221320582,0.734190316981393
"494","D75199- D75222-",0.0226178970290302,0.00752529686208489,0.667285740472417
"495","D75199- D75231-",0.0253793174827846,0.00886892667847712,0.65054510687716
"496","D75199- D75232-",0.0418423615810067,0.00705364867107738,0.8314232656916
"497","D75199- D75246R",0.175310464535242,0.0073207143394276,0.958241429803776
"498","D75199- D75250-",0.0191801947029622,0.00831617068547104,0.566418859961486
"499","D75199- D75259-",0.0219095916629809,0.00729028047118008,0.667256214386782
"500","D75199- D75260-",0.0366768149467379,0.00749283909257662,0.795706385533811
"501","D75199- D75263-",0.231999110734785,0.00813951828866161,0.964915734966043
"502","D75199- D75293-",0.0210192452614669,0.00851847821498742,0.594729586670566
"503","D75199- D75312-",0.0492373452873001,0.00825671627721064,0.832307850290614
"504","D75199- D75362R",0.288963527889112,0.00902727614678128,0.968759807811298
"505","D75199- D75365-",0.0195031442162152,0.00771613703484019,0.604364457889571
"506","D75199- D75374-",0.0254142205408601,0.0075261748539825,0.703859701623263
"507","D75199- D75375-",0.0362143028764033,0.00757718292470229,0.790768223523102
"508","D75199- D75379-",0.0353572243287396,0.00748139815170317,0.788405388326197
"509","D75199- D75389-",0.0230017506473863,0.0103992293075227,0.547894007419634
"510","D75199- D75404R",0.0382973522058158,0.00798004392566404,0.791629356442762
"511","D75203- D75204-",0.0328966962997299,0.00878438942782523,0.732970467678927
"512","D75203- D75208-",0.0331630138615011,0.00837315980922381,0.747515112945021
"513","D75203- D75210-",0.0279350368442653,0.0096787684669962,0.653525838503302
"514","D75203- D75215-",0.0373666500081233,0.00985212026521059,0.736339215234205
"515","D75203- D75222-",0.0384345958987323,0.00893095491408965,0.767632397186613
"516","D75203- D75231-",0.038913579675539,0.0102745847304819,0.735964030650707
"517","D75203- D75232-",0.0162342147372913,0.00845930672308214,0.478921102130648
"518","D75203- D75246R",0.278870404320144,0.00872637239143237,0.968708144513555
"519","D75203- D75250-",0.0355758224360793,0.0097218287374758,0.726729332682514
"520","D75203- D75259-",0.023152361633573,0.00869593852318485,0.624403822780007
"521","D75203- D75260-",0.0373971823450347,0.00889849714458139,0.762054342423932
"522","D75203- D75263-",0.260513965585275,0.00954517634066637,0.963360212496777
"523","D75203- D75293-",0.037512558663013,0.00992413626699219,0.73544496508106
"524","D75203- D75312-",0.0318633087721888,0.0096623743292154,0.696755462582436
"525","D75203- D75362R",0.236773359804649,0.010432934198786,0.95593704373079
"526","D75203- D75365-",0.0324059247116633,0.00912179508684495,0.718514587440182
"527","D75203- D75374-",0.0351397306956961,0.00893183290598727,0.74581954018557
"528","D75203- D75375-",0.0353434638724204,0.00898284097670705,0.745841522236403
"529","D75203- D75379-",0.035187761934922,0.00888705620370794,0.74743900393142
"530","D75203- D75389-",0.0360033083345327,0.0118048873595274,0.672116594124081
"531","D75203- D75404R",0.0383917931348451,0.0093857019776688,0.755528429091524
"532","D75204- D75208-",0.0384619951782095,0.00757938766583306,0.80293826072426
"533","D75204- D75210-",0.0369938762633523,0.00888499632360544,0.759825213763628
"534","D75204- D75215-",0.0269022352887045,0.00905834812181984,0.663286413764168
"535","D75204- D75222-",0.0299431533578433,0.0081371827706989,0.728245630196212
"536","D75204- D75231-",0.0309976810983258,0.00948081258709114,0.694144456902513
"537","D75204- D75232-",0.0377754637773675,0.00766553457969139,0.797076360865646
"538","D75204- D75246R",0.258363359922986,0.00793260024804162,0.969296729031523
"539","D75204- D75250-",0.0199850068570527,0.00892805659408506,0.553262270163578
"540","D75204- D75259-",0.029291681838446,0.00790216637979409,0.730224900592006
"541","D75204- D75260-",0.0365337520106976,0.00810472500119063,0.778157879901921
"542","D75204- D75263-",0.292883845612058,0.00875140419727562,0.970119880872954
"543","D75204- D75293-",0.0268647753723885,0.00913036412360144,0.660136219378719
"544","D75204- D75312-",0.0390912641427596,0.00886860218582465,0.773130841882296
"545","D75204- D75362R",0.308693329423016,0.00963916205539529,0.968774310499641
"546","D75204- D75365-",0.0226253591946701,0.0083280229434542,0.631916431832117
"547","D75204- D75374-",0.0290828680576567,0.00813806076259652,0.720176815214275
"548","D75204- D75375-",0.0368973197173521,0.00818906883331631,0.778057894284794
"549","D75204- D75379-",0.0381755014141821,0.00809328406031718,0.787997963078213
"550","D75204- D75389-",0.0264151836783874,0.0110111152161367,0.583152048072039
"551","D75204- D75404R",0.0414955797614804,0.00859192983427805,0.792943492206517
"552","D75208- D75210-",0.0383039522903092,0.00847376670500403,0.778775656340094
"553","D75208- D75215-",0.0367858088937119,0.00864711850321842,0.764933305443868
"554","D75208- D75222-",0.00986458433194927,0.00772595315209748,0.216798914975588
"555","D75208- D75231-",0.0293140251695933,0.00906958296848973,0.690606018244899
"556","D75208- D75232-",0.0400097346998588,0.00725430496108997,0.818686501784887
"557","D75208- D75246R",0.266158935870627,0.00752137062944021,0.971741055377919
"558","D75208- D75250-",0.0244169375237904,0.00851682697548364,0.651191843072647
"559","D75208- D75259-",0.029815205846385,0.00749093676119268,0.748754484547658
"560","D75208- D75260-",0.0352439643527112,0.00769349538258922,0.781707434907294
"561","D75208- D75263-",0.298175342516981,0.0083401745786742,0.972029294883096
"562","D75208- D75293-",0.0253205726299555,0.00871913450500002,0.655650184834886
"563","D75208- D75312-",0.0381539531404138,0.00845737256722323,0.778335614763207
"564","D75208- D75362R",0.315894523123596,0.00922793243679387,0.970787931536301
"565","D75208- D75365-",0.0241618383167681,0.00791679332485279,0.672343088259199
"566","D75208- D75374-",0.0315020345760893,0.0077268311439951,0.754719615797136
"567","D75208- D75375-",0.0388605539344039,0.00777783921471489,0.799852590165241
"568","D75208- D75379-",0.0397364393852472,0.00768205444171577,0.806674816350861
"569","D75208- D75389-",0.0275575869874394,0.0105998855975353,0.61535508887746
"570","D75208- D75404R",0.0437337382904505,0.00818070021567664,0.812943038133492
"571","D75210- D75215-",0.0330866575513962,0.00995272716099081,0.699192124634215
"572","D75210- D75222-",0.0249765386861858,0.00903156180986986,0.638398181455579
"573","D75210- D75231-",0.0271031446600347,0.0103751916262621,0.617196020742162
"574","D75210- D75232-",0.0394866331131249,0.00855991361886235,0.783219967264894
"575","D75210- D75246R",0.181243181456252,0.00882697928721259,0.951297592459536
"576","D75210- D75250-",0.021128108743598,0.00982243563325602,0.535101047024272
"577","D75210- D75259-",0.0238752363158563,0.00879654541896506,0.631561953875908
"578","D75210- D75260-",0.0355890040635418,0.0089991040403616,0.747138076010942
"579","D75210- D75263-",0.237255729939345,0.00964578323644658,0.959344361297775
"580","D75210- D75293-",0.0228362248788557,0.0100247431627724,0.561015745117555
"581","D75210- D75312-",0.0455355155116031,0.00976298122499561,0.785596339136473
"582","D75210- D75362R",0.293858645155835,0.0105335410945663,0.964154394406262
"583","D75210- D75365-",0.0224032546048178,0.00922240198262517,0.588345437066904
"584","D75210- D75374-",0.0267429613745024,0.00903243980176749,0.662249828084511
"585","D75210- D75375-",0.0352193544865094,0.00908344787248727,0.742089314102374
"586","D75210- D75379-",0.035970445139822,0.00898766309948815,0.750137562530797
"587","D75210- D75389-",0.0259379887439326,0.0119054942553077,0.541001641536583
"588","D75210- D75404R",0.0387488844937647,0.00948630887344902,0.755184981519261
"589","D75215- D75222-",0.037352146379856,0.00920491360808426,0.753563998318221
"590","D75215- D75231-",0.0381323859348761,0.0105485434244765,0.723370485065065
"591","D75215- D75232-",0.0353448950246156,0.00873326541707675,0.752912962084212
"592","D75215- D75246R",0.289821866332737,0.00900033108542698,0.968945300093079
"593","D75215- D75250-",0.0269587210967988,0.00999578743147041,0.629218782464522
"594","D75215- D75259-",0.0375920906736553,0.00896989721717946,0.761388710858117
"595","D75215- D75260-",0.0413997026829536,0.00917245583857599,0.778441504548467
"596","D75215- D75263-",0.295812363731795,0.00981913503466098,0.966806204748211
"597","D75215- D75293-",0.0351783121707128,0.0101980949609868,0.710102778339744
"598","D75215- D75312-",0.0348508535739607,0.00993633302321001,0.714889823225618
"599","D75215- D75362R",0.286822145116211,0.0107068928927807,0.962670619841984
"600","D75215- D75365-",0.0269111897835411,0.00939575378083956,0.650860706776108
"601","D75215- D75374-",0.0329824925002947,0.00920579159998188,0.720888541097989
"602","D75215- D75375-",0.038062092168216,0.00925679967070166,0.756797402786187
"603","D75215- D75379-",0.0376839308548048,0.00916101489770254,0.756898638493959
"604","D75215- D75389-",0.0309440028619575,0.012078846053522,0.609654700867037
"605","D75215- D75404R",0.0414460791778146,0.00965966067166341,0.766934270664761
"606","D75222- D75231-",0.0376581028868642,0.00962737807335556,0.744347767536804
"607","D75222- D75232-",0.0285910790361516,0.00781210006595581,0.726764419906017
"608","D75222- D75246R",0.270321116927672,0.00807916573430604,0.970112709557693
"609","D75222- D75250-",0.0380757517497575,0.00907462208034947,0.761669260268583
"610","D75222- D75259-",0.0411830921020012,0.00804873186605851,0.804562225533634
"611","D75222- D75260-",0.0329986774290017,0.00825129048745505,0.749950872873371
"612","D75222- D75263-",0.23711492058972,0.00889796968354004,0.96247402035515
"613","D75222- D75293-",0.0371070086170428,0.00927692960986586,0.749995217733475
"614","D75222- D75312-",0.0255854386044814,0.00901516767208907,0.64764459146266
"615","D75222- D75362R",0.203617910758136,0.00978572754165971,0.951940732987465
"616","D75222- D75365-",0.0328011902568111,0.00847458842971862,0.741637777063322
"617","D75222- D75374-",0.034722013953488,0.00828462624886094,0.761401332884704
"618","D75222- D75375-",0.0331168741983666,0.00833563431958072,0.748296464525874
"619","D75222- D75379-",0.0329793040079512,0.0082398495465816,0.750150896313791
"620","D75222- D75389-",0.0349730835022867,0.0111576807024011,0.680963770275744
"621","D75222- D75404R",0.036765877745239,0.00873849532054247,0.762320503236889
"622","D75231- D75232-",0.0310302222003879,0.00915572988234805,0.704941530124344
"623","D75231- D75246R",0.28729195463545,0.00942279555069828,0.967201324650197
"624","D75231- D75250-",0.041219176018353,0.0104182518967417,0.74724744880628
"625","D75231- D75259-",0.0426910958131126,0.00939236168245075,0.779992490153746
"626","D75231- D75260-",0.035731823958889,0.00959492030384729,0.731474096735541
"627","D75231- D75263-",0.275852277265954,0.0102415994999323,0.96287288398907
"628","D75231- D75293-",0.0394051001783745,0.0106205594262581,0.73047754280075
"629","D75231- D75312-",0.0278079662823336,0.0103587974884813,0.627488131159657
"630","D75231- D75362R",0.246238076210264,0.0111293573580519,0.954802451638111
"631","D75231- D75365-",0.033664813020055,0.00981821824611086,0.708353697367578
"632","D75231- D75374-",0.0352669092002671,0.00962825606525318,0.726988945626677
"633","D75231- D75375-",0.035171598581747,0.00967926413597297,0.724798856853888
"634","D75231- D75379-",0.0343451446689666,0.00958347936297384,0.720965526413018
"635","D75231- D75389-",0.0357056681936136,0.0125013105187934,0.649878824532701
"636","D75231- D75404R",0.0383443260449281,0.0100821251369347,0.737063441273646
"637","D75232- D75246R",0.240454428020878,0.00760751754329853,0.96836191537035
"638","D75232- D75250-",0.0239047313342993,0.00860297388934196,0.640114177857413
"639","D75232- D75259-",0.019165140511926,0.007577083675051,0.604642414683265
"640","D75232- D75260-",0.0391181722269767,0.00777964229644755,0.801124596228385
"641","D75232- D75263-",0.286312647362168,0.00842632149253253,0.970569510043775
"642","D75232- D75293-",0.0261100917938213,0.00880528141885835,0.662763291359166
"643","D75232- D75312-",0.0428667237223854,0.00854351948108156,0.800695767271338
"644","D75232- D75362R",0.323326397619135,0.0093140793506522,0.971192951088318
"645","D75232- D75365-",0.0240396574861312,0.00800294023871111,0.667094248604494
"646","D75232- D75374-",0.0293595625974166,0.00781297805785343,0.733886428589338
"647","D75232- D75375-",0.0376260155604042,0.00786398612857321,0.790996043257663
"648","D75232- D75379-",0.0380709399087451,0.0077682013555741,0.79595456865015
"649","D75232- D75389-",0.0275185215188414,0.0106860325113936,0.61167853788667
"650","D75232- D75404R",0.0416052716940441,0.00826684712953496,0.801302892808212
"651","D75246R D75250-",0.242299606475632,0.00887003955769219,0.963392265935916
"652","D75246R D75259-",0.263850469860046,0.00784414934340124,0.970270474228975
"653","D75246R D75260-",0.265727361423196,0.00804670796479777,0.969718180613013
"654","D75246R D75263-",0.279904998500209,0.00869338716088276,0.96894165089061
"655","D75246R D75293-",0.256137537744155,0.00907234708720858,0.964580173733572
"656","D75246R D75312-",0.209220118394513,0.00881058514943179,0.957888442005284
"657","D75246R D75362R",0.269983233327879,0.00958114501900243,0.964512073950286
"658","D75246R D75365-",0.166026140014857,0.00827000590706134,0.950188531117321
"659","D75246R D75374-",0.257376372642812,0.00808004372620366,0.968606117013634
"660","D75246R D75375-",0.273530194421043,0.00813105179692344,0.970273659132464
"661","D75246R D75379-",0.282836697193619,0.00803526702392432,0.97159043680098
"662","D75246R D75389-",0.182711094500944,0.0109530981797438,0.940052364035906
"663","D75246R D75404R",0.28437096840497,0.00853391279788519,0.969990210865224
"664","D75250- D75259-",0.0407572154018674,0.00883960568944467,0.783115563654536
"665","D75250- D75260-",0.0310085186880602,0.00904216431084121,0.708397411633762
"666","D75250- D75263-",0.204442942915419,0.00968884350692619,0.952608569565863
"667","D75250- D75293-",0.0423426990812513,0.010067803433252,0.762230475342799
"668","D75250- D75312-",0.0228582707023389,0.00980604149547522,0.571006852479359
"669","D75250- D75362R",0.166026840646634,0.0105766013650459,0.936295834312978
"670","D75250- D75365-",0.0342440588738213,0.00926546225310478,0.729428620385068
"671","D75250- D75374-",0.0333341834596026,0.00907550007224709,0.727741941444415
"672","D75250- D75375-",0.0298676486988007,0.00912650814296688,0.694434997712648
"673","D75250- D75379-",0.0292853220533978,0.00903072336996776,0.691629706052012
"674","D75250- D75389-",0.0351829620709033,0.0119485545257873,0.66038804516494
"675","D75250- D75404R",0.0313512895652556,0.00952936914392863,0.696045385179647
"676","D75259- D75260-",0.0371531112338838,0.00801627409655025,0.784236801970991
"677","D75259- D75263-",0.230591532904308,0.00866295329263523,0.962431607164734
"678","D75259- D75293-",0.0419809257645774,0.00904191321896106,0.784618536769134
"679","D75259- D75312-",0.0270303647081304,0.00878015128118427,0.675174516659654
"680","D75259- D75362R",0.195665473820561,0.00955071115075491,0.951188572187684
"681","D75259- D75365-",0.0345568149402696,0.00823957203881382,0.761564482923103
"682","D75259- D75374-",0.0345749943076618,0.00804960985795614,0.767184058330493
"683","D75259- D75375-",0.0329664923751378,0.00810061792867592,0.754277226812728
"684","D75259- D75379-",0.0319646643148811,0.0080048331556768,0.749572431707029
"685","D75259- D75389-",0.0363785479613223,0.0109226643114963,0.699749854691581
"686","D75259- D75404R",0.0365807271151952,0.00850347892963767,0.767542102078517
"687","D75260- D75263-",0.296909773918702,0.00886551191403177,0.970140720539367
"688","D75260- D75293-",0.0314835513055755,0.00924447184035759,0.706371376258292
"689","D75260- D75312-",0.0365510529443792,0.0089827099025808,0.754242103059245
"690","D75260- D75362R",0.307729061420168,0.00975326977215145,0.968305659117341
"691","D75260- D75365-",0.028214526706478,0.00844213066021035,0.700787798142577
"692","D75260- D75374-",0.032239589959221,0.00825216847935267,0.744036183779303
"693","D75260- D75375-",0.0392570447982205,0.00830317655007246,0.788492063201638
"694","D75260- D75379-",0.0380808704809378,0.00820739177707334,0.784474680504435
"695","D75260- D75389-",0.0309855709503975,0.0111252229328928,0.640954722096217
"696","D75260- D75404R",0.0432448696072007,0.0087060375510342,0.798680453193353
"697","D75263- D75293-",0.222941879549094,0.00989115103644258,0.955633499383572
"698","D75263- D75312-",0.262829518222833,0.00962938909866579,0.963362604155817
"699","D75263- D75362R",0.314466552118815,0.0103999489682364,0.966928282521103
"700","D75263- D75365-",0.133406461641665,0.00908880985629534,0.931871292106463
"701","D75263- D75374-",0.232945716648455,0.00889884767543766,0.961798620710991
"702","D75263- D75375-",0.300198074808268,0.00894985574615744,0.970186831638166
"703","D75263- D75379-",0.293350066257465,0.00885407097315832,0.969817388875626
"704","D75263- D75389-",0.151551685210931,0.0117719021289778,0.922324175329403
"705","D75263- D75404R",0.301792386029494,0.00935271674711919,0.969009434365898
"706","D75293- D75312-",0.023919062474781,0.0100083490249916,0.581574359967333
"707","D75293- D75362R",0.185674070757546,0.0107789088945623,0.941947150452486
"708","D75293- D75365-",0.0353860231825456,0.00946776978262116,0.732443238004456
"709","D75293- D75374-",0.0347229368355711,0.00927780760176348,0.732804640180693
"710","D75293- D75375-",0.0316415777331978,0.00932881567248326,0.705172234104634
"711","D75293- D75379-",0.0313271928509597,0.00923303089948414,0.7052710422089
"712","D75293- D75389-",0.0381392005010987,0.0121508620553036,0.68140753094828
"713","D75293- D75404R",0.0341373144727154,0.00973167667344501,0.714925534601641
"714","D75312- D75362R",0.313123363237537,0.0105171469567855,0.966412129558001
"715","D75312- D75365-",0.0244125714735528,0.00920600784484437,0.622898888188914
"716","D75312- D75374-",0.0308318114459595,0.00901604566398669,0.707573274447738
"717","D75312- D75375-",0.0393633533776981,0.00906705373470647,0.769657487061467
"718","D75312- D75379-",0.0402489811644868,0.00897126896170735,0.777105688090732
"719","D75312- D75389-",0.0274326618254159,0.0118891001175269,0.566607856241212
"720","D75312- D75404R",0.0422411458410984,0.00946991473566822,0.775813024313027
"721","D75362R D75365-",0.116716731048977,0.00997656771441501,0.914523242514147
"722","D75362R D75374-",0.213495128539573,0.00978660553355733,0.954160052266751
"723","D75362R D75375-",0.3139670186546,0.00983761360427711,0.968666729242986
"724","D75362R D75379-",0.296363589314244,0.009741828831278,0.967128793203579
"725","D75362R D75389-",0.138406878178424,0.0126596599870975,0.908533014011214
"726","D75362R D75404R",0.305403542833423,0.0102404746052389,0.96646903794818
"727","D75365- D75374-",0.0315125650744734,0.00847546642161624,0.731044857770663
"728","D75365- D75375-",0.0286370708788854,0.00852647449233603,0.702257450547334
"729","D75365- D75379-",0.0267358057132834,0.0084306897193369,0.684666704652623
"730","D75365- D75389-",0.0410709016413833,0.0113485208751564,0.723684642371679
"731","D75365- D75404R",0.0317623212572295,0.00892933549329777,0.718870185180016
"732","D75374- D75375-",0.0221441266166233,0.00833651231147834,0.623533930427393
"733","D75374- D75379-",0.0327847039477059,0.00824072753847922,0.748641087269728
"734","D75374- D75389-",0.0382585111547032,0.0111585586942987,0.708337874174516
"735","D75374- D75404R",0.0370682161514484,0.00873937331244009,0.764235395716537
"736","D75375- D75379-",0.0371641778393665,0.00829173560919901,0.776889034245878
"737","D75375- D75389-",0.0326463279005442,0.0112095667650185,0.656636213445873
"738","D75375- D75404R",0.0434253701020896,0.00879038138315988,0.797574980650841
"739","D75379- D75389-",0.0329398946332996,0.0111137819920194,0.66260420333026
"740","D75379- D75404R",0.0424704576745209,0.00869459661016075,0.795278951858886
"741","D75389- D75404R",0.0354966783336509,0.0116124277659803,0.672858748730535
