"","Gene","Mean","SE","Group","Type","Genotype"
"1","5' UTR",0.00854361640659369,0.00436317517051984,"1A.Nonsyn","Nonsyn","1A"
"2","Core",0.00802999017010392,0.000655550716765434,"1A.Nonsyn","Nonsyn","1A"
"3","E1",0.0103442877986099,0.00141814545887672,"1A.Nonsyn","Nonsyn","1A"
"4","HVR1",0.0486139808142135,0.0146558154741729,"1A.Nonsyn","Nonsyn","1A"
"5","E2",0.0115885311340483,0.00123328650967569,"1A.Nonsyn","Nonsyn","1A"
"6","NS1",0.0128166909985368,0.0027714661606686,"1A.Nonsyn","Nonsyn","1A"
"7","NS2",0.0114896713676155,0.00149769412705563,"1A.Nonsyn","Nonsyn","1A"
"8","NS3",0.00852682077779805,0.000646029472157401,"1A.Nonsyn","Nonsyn","1A"
"9","NS4A",0.00943554606494468,0.00201669602325023,"1A.Nonsyn","Nonsyn","1A"
"10","NS4B",0.00844472633585208,0.00083966493707568,"1A.Nonsyn","Nonsyn","1A"
"11","NS5A",0.010503832354019,0.00103443092878411,"1A.Nonsyn","Nonsyn","1A"
"12","NS5B",0.00874420581806674,0.000743468222670606,"1A.Nonsyn","Nonsyn","1A"
"13","5' UTR",0.00822359872341708,0.00428687546885759,"1A.Syn","Syn","1A"
"14","Core",0.0204008939757574,0.00361619767188117,"1A.Syn","Syn","1A"
"15","E1",0.0274527850527319,0.00428956528455295,"1A.Syn","Syn","1A"
"16","HVR1",0.0331516935789679,0.0131983385268724,"1A.Syn","Syn","1A"
"17","E2",0.0308313127343856,0.0036667599784698,"1A.Syn","Syn","1A"
"18","NS1",0.0262610276023983,0.00663000199841824,"1A.Syn","Syn","1A"
"19","NS2",0.0301770346096614,0.00427346619346528,"1A.Syn","Syn","1A"
"20","NS3",0.0299458504474151,0.00316589990621963,"1A.Syn","Syn","1A"
"21","NS4A",0.0269389882122613,0.00736642158866983,"1A.Syn","Syn","1A"
"22","NS4B",0.0304650327198366,0.00448806498013396,"1A.Syn","Syn","1A"
"23","NS5A",0.028783267303267,0.00377175284416344,"1A.Syn","Syn","1A"
"24","NS5B",0.0237402594316756,0.00339236108309815,"1A.Syn","Syn","1A"
"25","5' UTR",0.00869509997538984,0.00384421029199686,"1B.Nonsyn","Nonsyn","1B"
"26","Core",0.00836652212729408,0.000861994906775025,"1B.Nonsyn","Nonsyn","1B"
"27","E1",0.00909133292387833,0.00097761105299461,"1B.Nonsyn","Nonsyn","1B"
"28","HVR1",0.0428086337431265,0.0161377419527254,"1B.Nonsyn","Nonsyn","1B"
"29","E2",0.0126570721884146,0.00141487098771224,"1B.Nonsyn","Nonsyn","1B"
"30","NS1",0.0094509946704621,0.00145568868130522,"1B.Nonsyn","Nonsyn","1B"
"31","NS2",0.0108727983956674,0.00144948964714533,"1B.Nonsyn","Nonsyn","1B"
"32","NS3",0.00812305388027597,0.000563967788429334,"1B.Nonsyn","Nonsyn","1B"
"33","NS4A",0.00899629625411768,0.00212435819805705,"1B.Nonsyn","Nonsyn","1B"
"34","NS4B",0.00729189035063448,0.000592256272632355,"1B.Nonsyn","Nonsyn","1B"
"35","NS5A",0.00953221894923688,0.000979788526266468,"1B.Nonsyn","Nonsyn","1B"
"36","NS5B",0.00811718112362574,0.000699675205373743,"1B.Nonsyn","Nonsyn","1B"
"37","5' UTR",0.010363317471334,0.00508226413390114,"1B.Syn","Syn","1B"
"38","Core",0.0179946954421836,0.00303740332577558,"1B.Syn","Syn","1B"
"39","E1",0.0253828008096485,0.00401109042307406,"1B.Syn","Syn","1B"
"40","HVR1",0.0330257396985807,0.0244980489417861,"1B.Syn","Syn","1B"
"41","E2",0.0290992180931958,0.00338770567501984,"1B.Syn","Syn","1B"
"42","NS1",0.0287976065645476,0.00718551070738013,"1B.Syn","Syn","1B"
"43","NS2",0.0279654742992572,0.00396151535482397,"1B.Syn","Syn","1B"
"44","NS3",0.0272357700311421,0.00271443775094499,"1B.Syn","Syn","1B"
"45","NS4A",0.0260301497015133,0.00728815168774804,"1B.Syn","Syn","1B"
"46","NS4B",0.0271311471360895,0.00380519432089505,"1B.Syn","Syn","1B"
"47","NS5A",0.0241200722531918,0.00314163532396374,"1B.Syn","Syn","1B"
"48","NS5B",0.0202344449250767,0.00273208549653432,"1B.Syn","Syn","1B"
"49","5' UTR",0.00827027405239411,0.00273550587431888,"3A.Nonsyn","Nonsyn","3A"
"50","Core",0.00763056869476172,0.000622877441044048,"3A.Nonsyn","Nonsyn","3A"
"51","E1",0.0107313882478305,0.00175990907877556,"3A.Nonsyn","Nonsyn","3A"
"52","HVR1",0.0323744333891456,0.0111224609219743,"3A.Nonsyn","Nonsyn","3A"
"53","E2",0.0112903960674727,0.00147035047006299,"3A.Nonsyn","Nonsyn","3A"
"54","NS1",0.00934630153096998,0.00171809198850562,"3A.Nonsyn","Nonsyn","3A"
"55","NS2",0.00933652015173747,0.00131831455566498,"3A.Nonsyn","Nonsyn","3A"
"56","NS3",0.0079573043287957,0.000702628703920588,"3A.Nonsyn","Nonsyn","3A"
"57","NS4A",0.00731384090918361,0.000906751816052448,"3A.Nonsyn","Nonsyn","3A"
"58","NS4B",0.00786198829882694,0.000707381254901194,"3A.Nonsyn","Nonsyn","3A"
"59","NS5A",0.00913544032302328,0.000855648838206581,"3A.Nonsyn","Nonsyn","3A"
"60","NS5B",0.00841998271934884,0.000845754818319841,"3A.Nonsyn","Nonsyn","3A"
"61","5' UTR",0.00739271643682459,0.00385499913371535,"3A.Syn","Syn","3A"
"62","Core",0.018240501782536,0.00485218353327004,"3A.Syn","Syn","3A"
"63","E1",0.0226000910320306,0.0046355638497002,"3A.Syn","Syn","3A"
"64","HVR1",0.0300690672351597,0.0127284479370147,"3A.Syn","Syn","3A"
"65","E2",0.0232591575330557,0.00371743966836631,"3A.Syn","Syn","3A"
"66","NS1",0.0232893204373954,0.00616164726142752,"3A.Syn","Syn","3A"
"67","NS2",0.0242997705261258,0.00424158682848254,"3A.Syn","Syn","3A"
"68","NS3",0.0232389223266403,0.00304032939777152,"3A.Syn","Syn","3A"
"69","NS4A",0.0217508208086186,0.00600163103300235,"3A.Syn","Syn","3A"
"70","NS4B",0.0231043735730796,0.00351889338052021,"3A.Syn","Syn","3A"
"71","NS5A",0.0230191026074642,0.0033038711266491,"3A.Syn","Syn","3A"
"72","NS5B",0.0187922875484311,0.00340858963521168,"3A.Syn","Syn","3A"
