"","AA","all","nonsyn","syn","genome.percent","Fst1.percent","genome.percent.nonsyn","percent.nonsyn","genome.percent.syn","percent.syn","diff.nonsyn"
"1","A",14,6,8,8.64243669999066,5.3030303030303,9.32332590594582,9.52380952380952,5.97426470588235,5.67375886524823,2.15034441449537
"2","C",12,0,12,4.11099691675231,4.54545454545455,3.84660490207576,0,5.14705882352941,8.51063829787234,-100
"3","D",12,4,8,4.88648042604877,4.54545454545455,4.8082561275947,6.34920634920635,5.19301470588235,5.67375886524823,32.0480061943476
"4","E",9,2,7,4.26048771372512,3.40909090909091,4.16324615925882,3.17460317460317,4.64154411764706,4.9645390070922,-23.7469260004471
"5","F",7,2,5,3.29814070821265,2.65151515151515,3.31886947343732,3.17460317460317,3.21691176470588,3.54609929078014,-4.34685063660328
"6","G",13,3,10,9.64215640474633,4.92424242424242,10.0738829600094,4.76190476190476,7.95036764705882,7.09219858156028,-52.7301956871223
"7","H",10,3,7,2.31710735307858,3.78787878787879,2.25167116219069,4.76190476190476,2.57352941176471,4.9645390070922,111.483134920635
"8","I",6,3,3,4.18574231523872,2.27272727272727,4.3743403307142,4.76190476190476,3.44669117647059,2.12765957446809,8.85995148729733
"9","K",8,3,5,3.53172007848267,3.03030303030303,3.36577928931629,4.76190476190476,4.18198529411765,3.54609929078014,41.480006636801
"10","L",18,3,15,8.77324114734187,6.81818181818182,7.37656854696845,4.76190476190476,14.2463235294118,10.6382978723404,-35.4455295631766
"11","M",6,6,0,2.37316640194338,2.27272727272727,2.97877330831476,9.52380952380952,0,0,219.722534683165
"12","N",11,3,8,3.20470896010464,4.16666666666667,2.93186349243579,4.76190476190476,4.27389705882353,5.67375886524823,62.4190476190476
"13","P",14,3,11,7.829580491451,5.3030303030303,8.29130995660842,4.76190476190476,6.02022058823529,7.80141843971631,-42.5675220583283
"14","Q",8,2,6,1.97140988507895,3.03030303030303,1.65357100973379,3.17460317460317,3.21691176470588,4.25531914893617,91.9846898570302
"15","R",12,6,6,4.59684200691395,4.54545454545455,4.42125014659317,9.52380952380952,5.28492647058824,4.25531914893617,115.409877478843
"16","S",9,1,8,6.23189759880407,3.40909090909091,6.16864078808491,1.58730158730159,6.47977941176471,5.67375886524823,-74.2682117206832
"17","T",19,8,11,7.04475380734374,7.1969696969697,7.23583909933154,12.6984126984127,6.29595588235294,7.80141843971631,75.4932983458105
"18","V",11,4,7,8.07250303653181,4.16666666666667,8.19749032485047,6.34920634920635,7.58272058823529,4.9645390070922,-22.5469491563912
"19","W",0,0,0,1.11183780248528,0,1.39556702239944,0,0,0,-100
"20","Y",5,1,4,3.9147902457255,1.89393939393939,3.82314999413627,1.58730158730159,4.27389705882353,2.83687943262411,-58.4818385431882
