"","merged.pos","DtT","Dt.ave","Fst","codon","gene","org.pos.1A","ref.1A","transition.ref.1A","Type.1A","WTAA.1A","MUTAA.1A","bigAAChange.1A","makesCpG.1A","org.pos.1B","ref.1B","transition.ref.1B","Type.1B","WTAA.1B","MUTAA.1B","bigAAChange.1B","makesCpG.1B","org.pos.3A","ref.3A","transition.ref.3A","Type.3A","WTAA.3A","MUTAA.3A","bigAAChange.3A","makesCpG.3A","mean.1A","mean.1B","mean.3A","diff"
"733",1207,0.148294807902125,0.13626570417925,0.0811161489269025,2,"E1",1207,"a","g","nonsyn","Q","R",1,1,1207,"a","g","nonsyn","Q","R",1,1,1205,"a","g","nonsyn","Q","R",1,1,0.00410947224239719,0.0035713094846537,0.154357542632886,-0.150786233148232
"938",1515,0.157415092927905,0.149420806430448,0.0507847522671679,1,"HVR1",1515,"g","a","nonsyn","A","T",1,0,1515,"g","a","nonsyn","A","T",1,0,1513,"g","a","nonsyn","V","I",0,0,0.0312862431087502,0.10457305815319,0.0164355832540375,0.0881374748991525
"1534",2390,0.121956626146348,0.115856888655597,0.0500156300112055,3,"E2",2372,"t","c","syn","C","C",0,0,2372,"c","t","syn","C","C",0,0,2388,"c","t","syn","C","C",0,0,0.0251325483982649,0.068460625742007,0.0266211946836422,0.0418394310583648
"2606",4091,0.0959931020309025,0.0919937607003936,0.0416627991584372,3,"NS3",4073,"c","t","syn","Y","Y",0,0,4073,"t","c","syn","Y","Y",0,1,4089,"t","c","syn","Y","Y",0,1,0.0317041769883531,0.0631509157626736,0.0104911320538355,0.0526597837088381
"4072",6146,0.0855106060185229,0.0819515331494956,0.0416214202511484,3,"NS4B",6128,"t","c","syn","V","V",0,0,6128,"c","t","syn","V","V",0,0,6144,"c","t","syn","V","V",0,0,0.0395956488508206,0.0282069401000567,0.00355469203063731,0.0246522480694194
"2970",4607,0.119337287831588,0.114583613391069,0.0398339406475122,3,"NS3",4589,"c","t","syn","A","A",0,0,4589,"g","a","syn","A","A",0,0,4605,"g","a","syn","A","A",0,0,0.0288343470657067,0.075370810042485,0.0216084371402518,0.0537623729022332
"2624",4115,0.0818497167956407,0.0786418519372146,0.0391921314332141,3,"NS3",4097,"g","a","syn","L","L",0,0,4097,"c","t","syn","L","L",0,0,4113,"c","t","syn","L","L",0,0,0.0252884684352038,0.0309201847022545,0.00313952382136163,0.0277806608808929
"2037",3229,0.0853696477860582,0.0822483920607981,0.0365616563521747,2,"NS2",3211,"g","a","nonsyn","R","Q",1,0,3211,"a","g","nonsyn","Q","R",1,1,3227,"a","g","nonsyn","Q","R",1,1,0.00838523968618688,0.0547861832978339,0.00501754573353524,0.0497686375642987
"1823",2864,0.112716421125737,0.108849833226177,0.0343036787447923,3,"NS2",2846,"c","t","syn","Y","Y",0,0,2846,"t","c","syn","Y","Y",0,0,2862,"t","c","syn","Y","Y",0,0,0.0116001868013675,0.0689484650358321,0.0174093030198863,0.0515391620159458
"305",605,0.0704529686824729,0.0681555250833038,0.0326096066941276,3,"Core",605,"t","c","syn","N","N",0,1,605,"c","t","syn","N","N",0,0,603,"c","t","syn","N","N",0,0,0.0118706942679501,0.0277148396397948,0.00288552280554978,0.024829316834245
"3209",4943,0.102884189423479,0.0995569606651372,0.0323395535989178,3,"NS3",4925,"t","c","syn","Y","Y",0,1,4925,"c","t","syn","Y","Y",0,0,4941,"c","t","syn","Y","Y",0,0,0.0263962902685141,0.0571153362383091,0.0170537182948804,0.0400616179434287
"1049",1678,0.117478138186977,0.113812019027907,0.0312068203978083,2,"E2",1678,"a","g","nonsyn","K","R",0,0,1678,"a","g","nonsyn","K","R",0,0,1676,"a","g","nonsyn","K","R",0,0,0.0446747550488514,0.115754109576292,0.0446063012573567,0.0711478083189353
"3001",4641,0.0174887895545632,0.0169576530849659,0.030370110403596,1,"NS3",4623,"a","g","nonsyn","T","A",1,0,4623,"a","g","nonsyn","T","A",1,0,4639,"a","g","nonsyn","T","A",1,0,0.0134422333042799,0.0166896604359466,0.00293740881470934,0.0137522516212373
"3854",5855,0.0771830134125307,0.0748452079744001,0.0302891184830451,3,"NS4B",5837,"t","c","syn","A","A",0,1,5837,"c","t","syn","A","A",0,0,5853,"c","t","syn","S","S",0,0,0.027473160387263,0.0317039665483646,0.0454675451307133,-0.0137635785823487
"2726",4265,0.07344610805699,0.0712395487610471,0.0300432433292556,3,"NS3",4247,"c","t","syn","D","D",0,0,4247,"c","t","syn","D","D",0,0,4263,"c","t","syn","D","D",0,0,0.0201216201899635,0.0520475612160239,0.0359782972648822,0.0160692639511417
"1326",2111,0.0641659770051116,0.0622450662494425,0.0299365932745965,3,"E2",2093,"t","c","syn","D","D",0,0,2093,"c","t","syn","D","D",0,0,2109,"c","t","syn","D","D",0,0,0.0207739299695678,0.0414765191025478,0.00601739601005889,0.0354591230924889
"5563",8366,0.0630539501060236,0.0611721105390778,0.029844911600012,3,"NS5B",8333,"c","t","syn","D","D",0,0,8330,"c","t","syn","D","D",0,0,8361,"c","t","syn","N","N",0,0,0.00311070013415796,0.00189129157429478,0.0539000598339777,-0.0520087682596829
"2423",3812,0.0640644258772792,0.0621828738101875,0.0293696859267266,3,"NS3",3794,"c","t","syn","S","S",0,0,3794,"c","t","syn","S","S",0,0,3810,"c","t","syn","S","S",0,0,0.0140472252426036,0.0392077373452157,0.00914588154682552,0.0300618557983902
"5659",8513,0.059418049116572,0.0576868595053904,0.029135753141023,3,"NS5B",8480,"c","t","syn","L","L",0,0,8477,"c","t","syn","L","L",0,0,8508,"c","t","syn","I","I",0,0,0.010291440666906,0.0507407894381071,0.00151795201280438,0.0492228374253027
"1136",1817,0.0991932602062454,0.0963943271341666,0.0282169682321076,3,"E2",1814,"a","g","syn","P","P",0,1,1814,"t","c","syn","P","P",0,0,1815,"t","c","syn","P","P",0,0,0.0132132925163039,0.0373527941773919,0.0191726352267306,0.0181801589506613
"2934",4556,0.122255181489454,0.118957335141262,0.0269751049240889,3,"NS3",4538,"g","a","syn","K","K",0,0,4538,"a","g","syn","K","K",0,0,4554,"a","g","syn","K","K",0,0,0.0151901957317769,0.029732365435724,0.020128999541937,0.009603365893787
"2566",4041,0.0554302515383088,0.0539431489844921,0.0268283565841108,1,"NS3",4023,"c","t","syn","L","L",0,0,4023,"c","t","syn","L","L",0,0,4039,"c","t","nonsyn","L","F",0,0,0.00625760213623512,0.0282919398662976,0.00140557878943888,0.0268863610768587
"1384",2183,0.0587364187795998,0.0571663773524881,0.0267302886306885,3,"E2",2165,"g","a","nonsyn","M","I",0,0,2165,"g","a","nonsyn","M","I",0,0,2181,"g","a","nonsyn","M","I",0,0,0.0172778274209173,0.0223980056358794,0.00236949168280426,0.0200285139530751
"1899",2993,0.0626883649327846,0.0610629621022406,0.0259283015642027,3,"NS2",2975,"t","c","syn","C","C",0,1,2975,"c","t","syn","C","C",0,0,2991,"c","t","syn","S","S",0,0,0.0158447519717334,0.0290598229336587,0.00475852400571845,0.0243012989279403
"3857",5858,0.0633008024152317,0.0616604598529974,0.0259134560644944,3,"NS4B",5840,"c","t","syn","G","G",0,0,5840,"c","t","syn","G","G",0,0,5856,"c","t","syn","G","G",0,0,0.0182467569874906,0.0566101595539484,0.00465907195191749,0.0519510876020309
"3372",5156,0.0719109955562441,0.0700788948096836,0.0254773380953613,3,"NS3",5138,"c","t","syn","A","A",0,0,5138,"t","c","syn","A","A",0,0,5154,"t","c","syn","A","A",0,0,0.0141610947584691,0.0420155688313426,0.00763854911478927,0.0343770197165533
"4127",6233,0.0604866463886324,0.0589740920064469,0.0250064183169825,3,"NS4B",6215,"g","a","syn","R","R",0,0,6215,"g","a","syn","K","K",0,0,6231,"g","a","syn","R","R",0,0,0.0121679631032835,0.0254936139903519,0.00548575678839738,0.0200078572019545
"3646",5546,0.0574320858689873,0.0560007875872007,0.024921579290218,3,"NS4B",5528,"g","a","syn","K","K",0,0,5528,"g","a","syn","K","K",0,0,5544,"g","a","syn","K","K",0,0,0.0130412545916141,0.0452834370976669,0.0177422853782409,0.027541151719426
"936",1512,0.0904851181946907,0.0882581555534009,0.0246113690927405,1,"HVR1",1512,"a","g","nonsyn","N","D",1,0,1512,"a","g","nonsyn","T","A",1,0,1510,"a","g","nonsyn","T","A",1,1,0.0243986345865739,0.0535159351684157,0.0110146119148835,0.0425013232535322
"4106",6187,0.052182496955197,0.0509157539303159,0.0242752474257552,2,"NS4B",6169,"g","a","nonsyn","R","H",0,0,6169,"g","a","nonsyn","R","H",0,0,6185,"g","a","nonsyn","R","K",0,0,0.00216576216723771,0.00182367019371179,0.0187860797617946,-0.0169624095680828
"5005",7580,0.0569970865405571,0.0556188286413934,0.024181199124678,3,"NS5A",7547,"c","t","syn","D","D",0,0,7547,"c","t","syn","D","D",0,0,7578,"c","t","syn","C","C",0,0,0.00970384779524412,0.00355411372216604,0.0544001274888686,-0.0508460137667026
"2157",3407,0.0676050566561949,0.0660089155458742,0.0236097888126596,3,"NS2",3389,"c","t","syn","D","D",0,0,3389,"t","c","syn","D","D",0,0,3405,"t","c","syn","D","D",0,1,0.0271970450568088,0.0313041422188031,0.00829139902455767,0.0230127431942454
"3666",5576,0.0668520403131632,0.0652806561854495,0.0235054026825916,3,"NS4B",5558,"g","a","syn","A","A",0,0,5558,"c","t","syn","A","A",0,0,5574,"c","t","syn","A","A",0,0,0.0310518592618245,0.045302411354397,0.00830817162114457,0.0369942397332524
"1150",1837,0.0465241192429141,0.045474387324674,0.0225631765914626,2,"E2",1834,"c","t","nonsyn","P","L",1,0,1834,"c","t","nonsyn","P","L",1,0,1835,"c","t","nonsyn","P","L",1,0,0.00381102962100543,0.00202429312254001,0.0330142601561029,-0.0309899670335629
"3003",4644,0.050349612846041,0.0492399900641192,0.0220383577787346,1,"NS3",4626,"a","g","nonsyn","S","G",1,1,4626,"a","g","nonsyn","S","G",1,1,4642,"a","g","nonsyn","T","A",1,0,0.00484851230629501,0.00313896337756178,0.0364134785690343,-0.0332745151914725
"925",1491,0.0863513558146267,0.0844505786344008,0.0220121289618939,1,"HVR1",1491,"g","a","nonsyn","E","K",1,0,1491,"a","g","nonsyn","N","D",1,0,1489,"a","g","nonsyn","T","A",1,1,0.0447578725057108,0.0707992830934902,0.0350005701191957,0.0357987129742945
"5017",7595,0.0582391619891542,0.0569872862202955,0.0214954289536625,3,"NS5A",7562,"g","a","syn","T","T",0,0,7562,"c","t","syn","T","T",0,0,7593,"c","t","syn","T","T",0,0,0.0125648027386893,0.0057189423540982,0.0660197916861939,-0.0603008493320957
"1461",2280,0.062811074692278,0.0615327087374846,0.020352556632033,1,"E2",2262,"g","a","nonsyn","E","K",1,0,2262,"a","g","nonsyn","N","D",1,1,2278,"a","g","nonsyn","T","A",1,0,0.00833061841639067,0.0442697103713518,0.0218064435209658,0.022463266850386
"610",1007,0.0551365658158454,0.0540175732704161,0.0202949264044968,3,"E1",1007,"c","t","syn","H","H",0,0,1007,"c","t","syn","H","H",0,0,1005,"c","t","syn","H","H",0,0,0.0147783389783333,0.047669648213339,0.0186293894131426,0.0290402588001964
"5572",8381,0.0467074717978303,0.0457632605550493,0.0202154217823644,3,"NS5B",8348,"c","t","syn","A","A",0,0,8345,"c","t","syn","A","A",0,0,8376,"c","t","syn","A","A",0,0,0.00522348564437941,0.0140881266508841,0.0450419630008147,-0.0309538363499306
"1557",2423,0.0478937999218228,0.0469268650041998,0.0201891459688161,3,"E2",2405,"c","t","syn","G","G",0,0,2405,"t","c","syn","G","G",0,0,2421,"t","c","syn","G","G",0,0,0.00634695191042595,0.0440175438569412,0.0177830518928718,0.0262344919640694
"4925",7422,0.054400225578126,0.0533436732521071,0.0194218372220075,1,"NS5A",7404,"t","c","nonsyn","S","P",1,0,7404,"t","c","nonsyn","S","P",1,0,7420,"t","c","nonsyn","S","P",1,0,0.00803541259482097,0.00553633652453731,0.0446818917406374,-0.0391455552161001
"975",1581,0.0413243231913345,0.040531033712113,0.0191966720313479,1,"E2",1581,"a","g","nonsyn","I","V",0,0,1581,"g","a","nonsyn","V","I",0,0,1579,"g","a","nonsyn","V","I",0,0,0.0264657066863026,0.0213878757035036,0.0493579369926919,-0.0279700612891883
"1806",2838,0.0414081362910597,0.0406175385638423,0.0190928111726699,1,"NS2",2820,"a","g","nonsyn","M","V",0,0,2820,"g","a","nonsyn","A","T",1,0,2836,"g","a","nonsyn","G","S",1,0,0.00656044911527338,0.0261583078268815,0.0028541307144562,0.0233041771124253
"4129",6236,0.0483317567570869,0.0474104327398352,0.0190624980151704,3,"NS4B",6218,"a","g","syn","R","R",0,0,6218,"g","a","syn","R","R",0,0,6234,"g","a","syn","R","R",0,0,0.0151537893338948,0.0209929580984047,0.00367022222737696,0.0173227358710277
"3813",5786,0.102231411540955,0.10030664780176,0.0188275179828019,3,"NS4B",5768,"c","t","syn","F","F",0,0,5768,"t","c","syn","F","F",0,0,5784,"t","c","syn","F","F",0,0,0.0132326997483111,0.061357979663704,0.040653722960473,0.020704256703231
"5687",8552,0.0601753841070865,0.059092882384561,0.0179891119697575,3,"NS5B",8519,"a","g","syn","A","A",0,1,8516,"a","g","syn","A","A",0,1,8547,"a","g","syn","A","A",0,1,0.0233612950922786,0.0346195103971763,0.00806290969351822,0.0265566007036581
"1990",3145,0.0434729163332564,0.0427008063737882,0.0177607122915181,2,"NS2",3127,"c","t","nonsyn","A","V",0,0,3127,"c","t","nonsyn","A","V",0,0,3143,"c","t","nonsyn","T","M",1,0,0.0303847909460328,0.014886567268883,0.0444213261954454,-0.0295347589265624
"2492",3911,0.0443764739173252,0.0435956672383274,0.0175950590498121,3,"NS3",3893,"g","a","syn","V","V",0,0,3893,"g","a","syn","V","V",0,0,3909,"g","a","syn","V","V",0,0,0.014369780501586,0.0518218756822514,0.0143404508955925,0.0374814247866589
"5440",8201,0.0439520334346751,0.0431821799983479,0.0175157638035421,3,"NS5B",8168,"c","t","syn","S","S",0,0,8165,"c","t","syn","S","S",0,0,8196,"c","t","syn","P","P",0,0,0.00347230842732906,0.002595903434917,0.0300823793416399,-0.0274864759067229
"566",944,0.0415405809206199,0.040815022582389,0.0174662540135728,3,"E1",944,"c","t","syn","Y","Y",0,0,944,"c","t","syn","Y","Y",0,0,942,"c","t","syn","Y","Y",0,0,0.0227875382441277,0.0374462422897493,0.00563113064493173,0.0318151116448176
"3822",5798,0.0418606690679401,0.0411299735103163,0.017455419941757,3,"NS4B",5780,"g","a","syn","G","G",0,0,5780,"g","a","syn","G","G",0,0,5796,"g","a","syn","G","G",0,0,0.0115622192314449,0.0295013869026265,0.00233725841940068,0.0271641284832258
"2238",3534,0.0399950086864526,0.0392991119756229,0.0173995889408436,1,"NS3",3516,"g","a","nonsyn","V","I",0,0,3516,"g","a","nonsyn","V","I",0,0,3532,"g","a","nonsyn","V","M",0,0,0.0156644451886544,0.0250727990587922,0.00195528878082066,0.0231175102779715
"972",1577,0.0412014783546737,0.0404860131272812,0.0173650377598974,3,"E2",1577,"a","g","syn","Q","Q",0,0,1577,"g","a","syn","Q","Q",0,0,1575,"g","a","syn","Q","Q",0,0,0.00959308025734202,0.0174654804113862,0.00252891445827152,0.0149365659531147
"2731",4271,0.0562712277916557,0.0552954024901102,0.0173414609888814,3,"NS3",4253,"g","a","syn","G","G",0,0,4253,"t","c","syn","G","G",0,0,4269,"t","c","syn","G","G",0,0,0.00699248716074794,0.0261645446964632,0.0372331796300781,-0.0110686349336149
"4777",7178,0.0398906977809767,0.0392005297293794,0.0173014785398517,3,"NS5A",7160,"a","g","syn","E","E",0,0,7160,"g","a","syn","E","E",0,0,7176,"g","a","syn","E","E",0,0,0.0217087978451822,0.0224970266077253,0.00247876581926753,0.0200182607884578
"1951",3079,0.0374941633941578,0.0368461853958855,0.0172821031225701,2,"NS2",3061,"t","c","nonsyn","L","P",1,0,3061,"c","t","nonsyn","T","I",1,0,3077,"c","t","nonsyn","T","I",1,0,0.00584008107702667,0.0308771529933284,0.00135036611309642,0.029526786880232
"1989",3142,0.0499765275115366,0.0491192564785612,0.0171534733536156,2,"NS2",3124,"t","c","nonsyn","I","T",1,0,3124,"t","c","nonsyn","V","A",0,0,3140,"t","c","nonsyn","V","A",0,1,0.0030317963711683,0.0398294938856136,0.00472364123900716,0.0351058526466064
"5152",7793,0.0414660219542275,0.040756702778629,0.0171060338602407,3,"NS5B",7760,"a","g","syn","T","T",0,1,7757,"c","t","syn","T","T",0,0,7788,"c","t","syn","T","T",0,0,0.00739838900722043,0.0409170940221731,0.00270542355128232,0.0382116704708908
"2717",4253,0.0442168580214938,0.0434620960022071,0.0170695534024547,3,"NS3",4235,"g","a","syn","K","K",0,0,4235,"g","a","syn","K","K",0,0,4251,"g","a","syn","K","K",0,0,0.0149213010096834,0.0205437339606109,0.00414556745858687,0.016398166502024
"1397",2198,0.0402372775624749,0.0395567782874931,0.0169121599721866,3,"E2",2180,"t","c","syn","Y","Y",0,0,2180,"c","t","syn","Y","Y",0,0,2196,"c","t","syn","Y","Y",0,0,0.0220805197488941,0.026694693023323,0.00243831852601235,0.0242563744973106
"1066",1698,0.0402436418473048,0.0395681102018274,0.016786046552162,1,"E2",1698,"c","t","nonsyn","P","S",1,0,1698,"c","t","nonsyn","P","S",1,0,1696,"c","t","nonsyn","P","S",1,0,0.0143508667775963,0.0158772873724157,0.00224164195341765,0.013635645418998
"4762",7151,0.0782484137663949,0.0769388018994124,0.0167365931645873,3,"NS5A",7133,"t","c","syn","D","D",0,1,7133,"t","c","syn","D","D",0,1,7149,"t","c","syn","D","D",0,1,0.019829623999063,0.0183800511435338,0.0469515814829004,-0.0285715303393666
"3408",5204,0.069792197894469,0.0686353880885602,0.0165750591156053,3,"NS3",5186,"a","g","syn","K","K",0,0,5186,"g","a","syn","K","K",0,0,5202,"g","a","syn","K","K",0,0,0.0301322281351694,0.0455400756352533,0.0171424956975793,0.028397579937674
"526",872,0.0398848759193597,0.0392357929201731,0.0162739129613686,3,"Core",872,"c","t","syn","F","F",0,0,872,"c","t","syn","F","F",0,0,870,"c","t","syn","F","F",0,0,0.00775215063417889,0.0021905923842753,0.0314743894170778,-0.0292837970328025
"3498",5322,0.0350103536378307,0.0344419383237507,0.0162356347485092,1,"NS3",5304,"g","a","nonsyn","V","I",0,0,5304,"g","a","nonsyn","V","I",0,0,5320,"g","a","nonsyn","V","I",0,0,0.015914250254245,0.0198435241247446,0.00165919349621219,0.0181843306285324
"5219",7895,0.0561428384913485,0.055235683755306,0.0161579777656297,3,"NS5B",7862,"a","g","syn","E","E",0,0,7859,"a","g","syn","E","E",0,0,7890,"a","g","syn","E","E",0,0,0.020556599847839,0.0273532028786246,0.0075593575221982,0.0197938453564264
"5366",8093,0.0418449193448418,0.0411702341204584,0.0161234681520914,3,"NS5B",8060,"t","c","syn","G","G",0,0,8057,"c","t","syn","G","G",0,0,8088,"c","t","syn","G","G",0,0,0.0100570944777182,0.0273956094949228,0.00341051674384474,0.0239850927510781
"4476",6734,0.0759032639444091,0.0746956884625251,0.0159094012448322,3,"NS5A",6716,"g","a","syn","L","L",0,0,6716,"g","a","syn","V","V",0,0,6732,"g","a","syn","V","V",0,0,0.0123387219010389,0.0489783645265197,0.0213668834800927,0.027611481046427
"1446",2258,0.0384197043488407,0.0378153708542443,0.0157297799355561,3,"E2",2240,"g","a","syn","V","V",0,0,2240,"g","a","syn","V","V",0,0,2256,"g","a","syn","V","V",0,0,0.00528264438909137,0.0198191988874728,0.00280167400544194,0.0170175248820309
"1874",2948,0.0369555507872175,0.0363886174876982,0.015340951154635,3,"NS2",2930,"c","t","syn","P","P",0,0,2930,"c","t","syn","P","P",0,0,2946,"c","t","syn","P","P",0,0,0.0122321946701654,0.0558185690057704,0.00279390248320697,0.0530246665225634
"895",1442,0.0407002206059028,0.0400770879943878,0.0153103005890002,3,"E1",1442,"c","t","syn","N","N",0,0,1442,"c","t","syn","N","N",0,0,1440,"c","t","syn","N","N",0,0,0.00859424202495669,0.00260617789262778,0.0543729933136596,-0.0517668154210318
"4797",7217,0.04449160618948,0.0438109669043846,0.0152981504465526,3,"NS5A",7199,"c","t","syn","P","P",0,0,7199,"c","t","syn","P","P",0,0,7215,"c","t","syn","P","P",0,0,0.00637716757330901,0.00374144477688439,0.0332687711570402,-0.0295273263801558
"3792",5753,0.0401974357960819,0.0395861238239837,0.0152077355182391,3,"NS4B",5735,"c","t","syn","T","T",0,0,5735,"c","t","syn","T","T",0,0,5751,"c","t","syn","T","T",0,0,0.0124491945538749,0.0516617254020218,0.00329995304413443,0.0483617723578874
"927",1494,0.0546456139736167,0.0538171793499369,0.015160130217948,1,"HVR1",1494,"a","g","nonsyn","T","A",1,0,1494,"a","g","nonsyn","T","A",1,1,1492,"a","g","nonsyn","T","A",1,1,0.00334385219110385,0.0255584219892251,0.00819331469387729,0.0173651072953478
"2663",4175,0.0439012799831035,0.0432357889245885,0.0151588076423088,3,"NS3",4157,"t","c","syn","H","H",0,1,4157,"t","c","syn","H","H",0,1,4173,"t","c","syn","Y","Y",0,1,0.0203741915635699,0.0224301809517059,0.0178131642035887,0.0046170167481172
"767",1259,0.0398316315831739,0.0392278724703164,0.0151577801074202,3,"E1",1259,"t","c","syn","C","C",0,0,1259,"c","t","syn","C","C",0,0,1257,"c","t","syn","C","C",0,0,0.0225926408798699,0.0424370426655944,0.00392947333770353,0.0385075693278909
"2299",3627,0.0365957569929662,0.036049179453396,0.0149355440215444,1,"NS3",3609,"a","g","nonsyn","I","V",0,1,3609,"c","t","syn","L","L",0,0,3625,"c","t","nonsyn","L","F",0,0,0.00300955850182698,0.0271166672346304,0.00220032863948853,0.0249163385951419
"1013",1625,0.0401447682442843,0.0395511686161275,0.0147864754018425,3,"E2",1625,"c","t","syn","N","N",0,0,1625,"c","t","syn","N","N",0,0,1623,"c","t","syn","N","N",0,0,0.0191571336767284,0.029713041468695,0.00455082636700553,0.0251622151016895
"1369",2166,0.0454640219754495,0.0447956062894703,0.0147020799510476,1,"E2",2148,"a","g","nonsyn","I","V",0,0,2148,"t","c","syn","L","L",0,0,2164,"t","c","syn","L","L",0,0,0.00692268413963604,0.0299518673742628,0.00544983168960676,0.024502035684656
"1715",2658,0.0399447701892029,0.0393637363327904,0.0145459306352339,1,"NS1",2640,"t","c","nonsyn","S","P",1,0,2640,"t","c","nonsyn","S","P",1,0,2656,"t","c","nonsyn","W","R",1,1,0.0176758392777615,0.0264108816114106,0.00344627268219585,0.0229646089292148
"4917",7406,0.0487833919899171,0.0480798588310748,0.0144215711565878,3,"NS5A",7388,"c","t","syn","T","T",0,0,7388,"a","g","syn","T","T",0,1,7404,"a","g","syn","E","E",0,0,0.0242708367540024,0.0304864108394713,0.00648560917595335,0.024000801663518
"3895",5915,0.0343876275332133,0.0338978640233197,0.0142424338352678,3,"NS4B",5897,"t","c","syn","L","L",0,1,5897,"g","a","syn","L","L",0,0,5913,"g","a","syn","L","L",0,0,0.00862376465338566,0.0212397676609952,0.00268571670000829,0.0185540509609869
"4600",6912,0.0487171365585432,0.048026811759135,0.0141700610539504,1,"NS5A",6894,"g","a","nonsyn","A","T",1,0,6894,"a","g","nonsyn","T","A",1,0,6910,"a","g","nonsyn","T","A",1,0,0.00597388950085188,0.0156548027714534,0.00593035139923461,0.00972445137221879
"631",1040,0.0646268184953497,0.0637140464611828,0.0141237346262462,3,"E1",1040,"t","c","syn","G","G",0,0,1040,"c","t","syn","N","N",0,0,1038,"c","t","syn","G","G",0,0,0.0277451712513101,0.0626422265866261,0.00961073429813886,0.0530314922884872
"1581",2454,0.0322279893781773,0.031772985848546,0.0141182722971674,1,"E2",2436,"g","a","nonsyn","V","M",0,0,2436,"g","a","nonsyn","V","M",0,0,2452,"g","a","nonsyn","V","I",0,0,0.00203323495891465,0.0187009585215898,0.00226568133157948,0.0164352771900103
"5597",8420,0.0389636111284715,0.0384149568583801,0.0140811966396642,3,"NS5B",8387,"t","c","syn","V","V",0,1,8384,"c","t","syn","I","I",0,0,8415,"c","t","syn","C","C",0,0,0.027630837905358,0.0257180581333108,0.0039149655255699,0.0218030926077409
"3912",5939,0.0508023187327126,0.0500903092740416,0.014015294506873,3,"NS4B",5921,"g","a","syn","A","A",0,0,5921,"a","g","syn","A","A",0,1,5937,"a","g","syn","S","S",0,1,0.0111310771498233,0.0228818345638463,0.0115591429317644,0.0113226916320819
"3957",5999,0.0333091515016744,0.0328439611104161,0.0139658433279196,3,"NS4B",5981,"c","t","syn","V","V",0,0,5981,"c","t","syn","V","V",0,0,5997,"c","t","syn","V","V",0,0,0.0247563846163831,0.0207691450610525,0.00249588890397903,0.0182732561570735
"4355",6557,0.0368192264540534,0.0363087898651984,0.0138633164792849,3,"NS5A",6539,"c","t","syn","T","T",0,0,6539,"c","t","syn","T","T",0,0,6555,"c","t","syn","T","T",0,0,0.00808054589831301,0.00232820838044804,0.0176548213476534,-0.0153266129672054
"2381",3752,0.0348298448702944,0.0343542255253215,0.013655511436933,3,"NS3",3734,"c","t","syn","Y","Y",0,0,3734,"c","t","syn","Y","Y",0,0,3750,"c","t","syn","Y","Y",0,0,0.0275502054289504,0.0220214533966002,0.00336707199916194,0.0186543813974383
"4079",6155,0.0482355705656333,0.0475775256438353,0.0136423165328285,3,"NS4B",6137,"g","a","syn","T","T",0,0,6137,"g","a","syn","T","T",0,0,6153,"g","a","syn","T","T",0,0,0.0151890522073693,0.00560679892421698,0.0324109819145817,-0.0268041829903647
"979",1586,0.0501710469089929,0.0494926246694944,0.0135221862268315,3,"E2",1586,"c","t","syn","N","N",0,0,1586,"c","t","syn","N","N",0,0,1584,"c","t","syn","N","N",0,0,0.0132684939116814,0.0295424258473482,0.0132002337409128,0.0163421921064354
"658",1087,0.0311711060273737,0.0307502025970081,0.0135029995405344,2,"E1",1087,"g","a","nonsyn","R","K",0,0,1087,"g","a","nonsyn","R","K",0,0,1085,"g","a","nonsyn","R","K",0,0,0.00878089247503606,0.0012367256593187,0.0367351002586846,-0.0354983745993659
"3986",6038,0.0538503003547117,0.0531305299294322,0.0133661357604021,3,"NS4B",6020,"a","g","syn","V","V",0,0,6020,"c","t","syn","V","V",0,0,6036,"c","t","syn","V","V",0,0,0.0424660221125468,0.0310340834692788,0.0284701672533104,0.0025639162159684
"2086",3305,0.0363802846933735,0.0359089864895368,0.0129547695354504,3,"NS2",3287,"g","a","syn","K","K",0,0,3287,"g","a","syn","K","K",0,0,3303,"g","a","syn","K","K",0,0,0.0125335150401491,0.02704885683204,0.00390166825210871,0.0231471885799313
"2787",4349,0.042603880622993,0.0420571111197903,0.0128337957765194,3,"NS3",4331,"c","t","syn","G","G",0,0,4331,"c","t","syn","G","G",0,0,4347,"c","t","syn","G","G",0,0,0.00790628775192951,0.0215185973464137,0.00509990537858466,0.016418691967829
"5705",8585,0.0553448699131765,0.054638410988873,0.0127646686208094,3,"NS5B",8552,"c","t","syn","G","G",0,0,8549,"a","g","syn","G","G",0,0,8580,"a","g","syn","G","G",0,0,0.00791978162863682,0.00961738560132586,0.039396234110982,-0.0297788485096561
"1488",2316,0.0519997407542145,0.0513480068888401,0.0125334060501364,1,"E2",2298,"g","a","nonsyn","D","N",1,0,2298,"g","a","nonsyn","D","N",1,0,2314,"g","a","nonsyn","D","N",1,0,0.01704281983931,0.0240914389189134,0.0288695773772917,-0.0047781384583783
"3979",6029,0.0846790967381119,0.0836341888598538,0.0123396200303098,3,"NS4B",6011,"a","g","syn","G","G",0,0,6011,"t","c","syn","G","G",0,1,6027,"t","c","syn","G","G",0,1,0.0219366516765077,0.0605571762398436,0.0214859296925713,0.0390712465472723
"960",1554,0.0224503529549712,0.0221737442287485,0.0123209076836138,1,"HVR1",1554,"c","t","nonsyn","P","S",1,0,1554,"c","t","nonsyn","P","S",1,0,1552,"c","t","syn","L","L",0,0,0.0372694308581288,0.076980179746101,0.064195816533326,0.012784363212775
"1381",2180,0.0422843754703505,0.0417694309407521,0.0121781278278422,3,"E2",2162,"c","t","syn","C","C",0,0,2162,"c","t","syn","C","C",0,0,2178,"c","t","syn","C","C",0,0,0.0106618607435057,0.00730847512405329,0.0332931736548637,-0.0259846985308104
"3789",5750,0.0501365703354222,0.0495437181139682,0.0118247462378803,3,"NS4B",5732,"c","t","syn","V","V",0,0,5732,"c","t","syn","I","I",0,0,5748,"c","t","syn","V","V",0,0,0.00374314329197849,0.0182722710851644,0.0158803772373168,0.0023918938478476
"3660",5567,0.0369477999820204,0.0365111097959919,0.0118191119969528,3,"NS4B",5549,"g","a","syn","L","L",0,0,5549,"g","a","syn","L","L",0,0,5565,"g","a","syn","L","L",0,0,0.0069794949117545,0.00469210307330308,0.0417610625653661,-0.037068959492063
"2642",4139,0.0716753285502128,0.0708438496832712,0.0116006286090352,3,"NS3",4121,"a","g","syn","A","A",0,1,4121,"c","t","syn","A","A",0,0,4137,"c","t","syn","A","A",0,0,0.0174408064139859,0.0319592217450717,0.0179310185854115,0.0140282031596602
"4779",7187,0.0263826488676996,0.0260776486724701,0.0115606358087458,3,"NS5A",7169,"g","a","syn","R","R",0,0,7169,"g","a","syn","R","R",0,0,7185,"g","a","syn","K","K",0,0,0.0083677640971809,0.043354026268765,0.00134878198746122,0.0420052442813038
"4445",6692,0.0579562855532934,0.0572944096635304,0.0114202606920767,3,"NS5A",6674,"a","g","syn","K","K",0,0,6674,"g","a","syn","K","K",0,0,6690,"g","a","syn","K","K",0,0,0.0230132620882706,0.0604746280471212,0.0341627562364596,0.0263118718106616
"2417",3803,0.0408272100327268,0.0403623933089387,0.0113849739772927,3,"NS3",3785,"c","t","syn","S","S",0,0,3785,"c","t","syn","S","S",0,0,3801,"c","t","syn","S","S",0,0,0.0117121953160167,0.00488593002069568,0.0332253048682111,-0.0283393748475154
"4781",7189,0.0302356124625434,0.0298931207540923,0.0113274275120224,2,"NS5A",7171,"a","g","nonsyn","K","R",0,0,7171,"a","g","nonsyn","K","R",0,0,7187,"a","g","nonsyn","K","R",0,0,0.0121606278965482,0.0159397370508818,0.00328012526990475,0.0126596117809771
"3571",5431,0.0428459206864202,0.0423650443919365,0.0112233857221351,2,"NS4A",5413,"a","g","nonsyn","K","R",0,0,5413,"a","g","nonsyn","K","R",0,0,5429,"a","g","nonsyn","K","R",0,0,0.0078044491107362,0.0154491532728235,0.00636959074875927,0.00907956252406423
"377",695,0.0400140212492958,0.0395663220853389,0.0111885571601936,3,"Core",695,"t","c","syn","N","N",0,0,695,"t","c","syn","N","N",0,0,693,"t","c","syn","N","N",0,0,0.0356693944192173,0.0312734527188812,0.00723086015239924,0.024042592566482
"3336",5108,0.0273513839758922,0.0270472228082928,0.0111205037327362,3,"NS3",5090,"t","c","syn","F","F",0,0,5090,"c","t","syn","F","F",0,0,5106,"c","t","syn","F","F",0,0,0.0114118073340346,0.0186646945681852,0.00224352722219161,0.0164211673459936
"1154",1843,0.0521014011212604,0.0515234460078037,0.0110928900378625,2,"E2",1840,"a","g","nonsyn","K","R",0,0,1840,"c","t","nonsyn","S","L",1,0,1841,"c","t","nonsyn","S","L",1,0,0.0492427013719451,0.0194978962579791,0.0287903879826538,-0.0092924917246747
"3580",5444,0.0399135956191203,0.0394806780593712,0.0108463683372518,3,"NS4A",5426,"a","g","nonsyn","I","M",0,0,5426,"t","c","syn","I","I",0,0,5442,"t","c","syn","V","V",0,0,0.00719831866906395,0.0297871503061137,0.00503970048394925,0.0247474498221644
"1047",1675,0.0301230332839231,0.0297969617787212,0.0108246570698431,2,"E2",1675,"a","g","nonsyn","H","R",0,1,1675,"a","g","nonsyn","H","R",0,1,1673,"a","g","nonsyn","H","R",0,1,0.0250195022362202,0.0347391235435681,0.00266422532055748,0.0320748982230106
"5619",8459,0.0329144552661633,0.0325612059235182,0.0107323466175753,3,"NS5B",8426,"c","t","syn","G","G",0,0,8423,"t","c","syn","G","G",0,0,8454,"t","c","syn","G","G",0,0,0.00615690151844563,0.0200884652165268,0.00313804138681423,0.0169504238297126
"547",906,0.0351168736163022,0.03474297625449,0.010647228050468,1,"Core",906,"g","a","nonsyn","A","T",1,0,906,"g","a","nonsyn","A","T",1,0,904,"g","a","nonsyn","A","T",1,0,0.00916293645128307,0.0169032676072106,0.00423603228094508,0.0126672353262655
"2179",3446,0.0366573786381301,0.0362715340190917,0.0105257013287116,3,"NS3",3428,"c","t","syn","I","I",0,0,3428,"c","t","syn","I","I",0,0,3444,"c","t","syn","I","I",0,0,0.029354354972444,0.0225241615977953,0.00619477073858254,0.0163293908592128
"4676",7031,0.0304604699272503,0.0301410198228327,0.0104873662547099,3,"NS5A",7013,"c","t","syn","A","A",0,0,7013,"t","c","syn","A","A",0,1,7029,"t","c","syn","A","A",0,1,0.0140129277315359,0.0170845094298481,0.0236428123826103,-0.0065583029527622
"3676",5597,0.0386551532662922,0.0382514266426103,0.0104443156880186,3,"NS4B",5579,"c","t","syn","I","I",0,0,5579,"t","c","syn","A","A",0,1,5595,"t","c","syn","I","I",0,1,0.0282394057729886,0.0333938734939422,0.00620713467034646,0.0271867388235957
"692",1145,0.037256492810484,0.0368694381763956,0.0103889176057787,3,"E1",1145,"c","t","syn","S","S",0,0,1145,"g","a","syn","A","A",0,0,1143,"g","a","syn","A","A",0,0,0.0181562904428876,0.00747290240054768,0.0376088018248118,-0.0301358994242641
"2123",3357,0.0312762577649995,0.030953863996102,0.0103079393743303,1,"NS2",3339,"t","c","syn","L","L",0,0,3339,"c","t","syn","L","L",0,0,3355,"c","t","syn","L","L",0,0,0.0190995423586969,0.0245161138728298,0.00290114249661744,0.0216149713762124
"2682",4199,0.0421546378613481,0.0417232064209804,0.0102344952360112,3,"NS3",4181,"c","t","syn","T","T",0,0,4181,"t","c","syn","T","T",0,1,4197,"t","c","syn","T","T",0,1,0.0184664309889577,0.0263555572023525,0.00640288822673041,0.0199526689756221
"1360",2156,0.0641899381064699,0.0635374180046055,0.0101654577199021,3,"E2",2138,"c","t","syn","S","S",0,0,2138,"g","a","syn","S","S",0,0,2154,"g","a","syn","A","A",0,0,0.0127107022893238,0.0157796335759316,0.0402249032020753,-0.0244452696261437
"1801",2826,0.0355545899207916,0.0351942983057287,0.0101334768834501,1,"NS2",2808,"c","t","nonsyn","L","F",0,0,2808,"t","c","nonsyn","F","L",0,0,2824,"t","c","syn","L","L",0,0,0.00834357434348354,0.03021083380803,0.00465674047492755,0.0255540933331024
"4349",6551,0.0259900636707849,0.0257268546012779,0.0101272960636455,3,"NS5A",6533,"c","t","syn","A","A",0,0,6533,"g","a","syn","A","A",0,0,6549,"g","a","syn","E","E",0,0,0.0158080455253001,0.0228563077265194,0.00239776580646139,0.020458541920058
"4894",7364,0.0288576067445811,0.0285687711698237,0.0100089926830702,3,"NS5A",7346,"c","t","syn","L","L",0,0,7346,"g","a","syn","L","L",0,0,7362,"g","a","syn","L","L",0,0,0.0123707571587793,0.0373058943986236,0.00316322885818369,0.0341426655404399
"2853",4445,0.0357670465855025,0.0354096358339367,0.00999273872701098,3,"NS3",4427,"c","t","syn","I","I",0,0,4427,"c","t","syn","I","I",0,0,4443,"c","t","syn","I","I",0,0,0.0222078958943123,0.0467090864991088,0.00408487683827112,0.0426242096608377
"2667",4181,0.0366027341188767,0.036238275840745,0.0099571326269801,3,"NS3",4163,"t","c","syn","V","V",0,1,4163,"c","t","syn","V","V",0,0,4179,"c","t","syn","I","I",0,0,0.0213958520651222,0.0414384548741288,0.00564568730255553,0.0357927675715733
"4708",7073,0.0282900229488515,0.0280090637643291,0.0099313876496449,3,"NS5A",7055,"c","t","syn","G","G",0,0,7055,"c","t","syn","G","G",0,0,7071,"c","t","syn","G","G",0,0,0.00693459616376214,0.0198989105036224,0.00285824051923114,0.0170406699843913
"4834",7266,0.0283071095671431,0.0280262683744278,0.00992122463260036,1,"NS5A",7248,"a","g","nonsyn","K","E",1,0,7248,"g","a","nonsyn","D","N",1,0,7264,"g","a","nonsyn","A","T",1,0,0.00451009224610059,0.0349685844861914,0.00323211554051033,0.0317364689456811
"2791",4354,0.0353535573389194,0.0350032827547869,0.00990776064695856,2,"NS3",4336,"t","c","nonsyn","V","A",0,0,4336,"t","c","nonsyn","V","A",0,0,4352,"t","c","nonsyn","V","A",0,0,0.0280849001306618,0.021026398814727,0.00462792493044475,0.0163984738842822
"2734",4274,0.0644943394184296,0.0638590352083194,0.00985054216911097,3,"NS3",4256,"c","t","syn","C","C",0,0,4256,"c","t","syn","C","C",0,0,4272,"c","t","syn","C","C",0,0,0.0186259459549063,0.0351560624776893,0.0169472698157343,0.018208792661955
"690",1143,0.0283245251086436,0.0280471205426646,0.00979379406768283,1,"E1",1143,"a","g","nonsyn","S","G",1,0,1143,"g","a","nonsyn","A","T",1,0,1141,"g","a","nonsyn","A","T",1,0,0.0144108837141617,0.021286016662098,0.00247616554415355,0.0188098511179444
"2776",4335,0.0303652625981243,0.0300679156832193,0.00979233800281132,1,"NS3",4317,"a","g","nonsyn","I","V",0,1,4317,"a","g","nonsyn","I","V",0,1,4333,"a","g","nonsyn","I","V",0,1,0.0176348578152331,0.0189924024916629,0.00317476962919582,0.0158176328624671
"1565",2435,0.027139636501085,0.0268739756359892,0.00978866703263164,3,"E2",2417,"c","t","syn","L","L",0,0,2417,"c","t","syn","L","L",0,0,2433,"c","t","syn","L","L",0,0,0.00674806265674796,0.0242088063060785,0.00289499514505887,0.0213138111610196
"952",1540,0.0230711126656874,0.0228468316198931,0.00972129298852182,2,"HVR1",1540,"t","c","nonsyn",NA,NA,0,0,1540,"c","t","nonsyn","A","V",0,0,1538,"c","t","nonsyn","T","I",1,0,0.0266769833198108,0.0220353548748088,0.0144545579056285,0.0075807969691803
"2332",3677,0.042241281855273,0.0418316784647364,0.00969675569837176,3,"NS3",3659,"a","g","syn","Q","Q",0,0,3659,"g","a","syn","Q","Q",0,0,3675,"g","a","syn","Q","Q",0,0,0.0212153636608707,0.0225317544174534,0.0197284869961186,0.0028032674213348
"4946",7481,0.0417746643718022,0.0413709405710006,0.00966432182933518,3,"NS5A",7463,"t","c","syn","S","S",0,1,7448,"t","c","syn","P","P",0,1,7479,"t","c","syn","T","T",0,0,0.0108600578569162,0.035252020221433,0.00785393823103283,0.0273980819904002
"5394",8126,0.026201830576345,0.0259501664729064,0.00960482904831041,3,"NS5B",8093,"c","t","syn","D","D",0,0,8090,"c","t","syn","D","D",0,0,8121,"c","t","syn","D","D",0,0,0.0284044707639057,0.0310286766288305,0.00216598397971173,0.0288626926491188
"5062",7662,0.0381991299048462,0.0378323937389555,0.00960064186813135,1,"NS5B",7629,"c","t","nonsyn","L","F",0,0,7626,"c","t","syn","L","L",0,0,7657,"c","t","syn","L","L",0,0,0.00373084821194094,0.0323939971803671,0.0174308437685476,0.0149631534118195
"4770",7167,0.0248723989910999,0.0246340870760102,0.0095813803555872,1,"NS5A",7149,"g","a","nonsyn","V","I",0,0,7149,"g","a","nonsyn","V","I",0,0,7165,"g","a","nonsyn","V","M",0,0,0.00273811405597748,0.012635742269824,0.00173799586901519,0.0108977464008088
"5574",8383,0.0301471584170158,0.0298592346216512,0.00955061141689852,2,"NS5B",8350,"g","a","nonsyn","R","H",0,0,8347,"g","a","nonsyn","R","K",0,0,8378,"g","a","nonsyn","R","K",0,0,0.00227856704428331,0.00287558960487724,0.0175965280883904,-0.0147209384835132
"1772",2765,0.0391233311299009,0.0387579075721394,0.00934029764869039,3,"NS1",2747,"g","a","syn","A","A",0,0,2747,"g","a","syn","A","A",0,0,2763,"g","a","syn","L","L",0,0,0.0138344851336648,0.0220687260732507,0.00732853439464427,0.0147401916786064
"2292",3617,0.034397741931822,0.0340765874970391,0.00933649759392457,3,"NS3",3599,"a","g","syn","G","G",0,0,3599,"c","t","syn","G","G",0,0,3615,"c","t","syn","G","G",0,0,0.0161089407930836,0.0202558544428689,0.00622846971726885,0.0140273847256001
"2204",3479,0.035915483889346,0.0355846532913605,0.00921136407363525,3,"NS3",3461,"a","g","syn","L","L",0,0,3461,"t","c","syn","L","L",0,1,3477,"t","c","syn","L","L",0,1,0.0263045710812237,0.0145304616041205,0.00573252144470084,0.00879794015941966
"3595",5467,0.033679514927606,0.0333755166120074,0.00902620825305943,2,"NS4A",5449,"a","g","nonsyn","Q","R",1,1,5449,"a","g","nonsyn","Q","R",1,1,5465,"a","g","nonsyn","Q","R",1,1,0.0234852612304668,0.0315409060765233,0.00530575319379953,0.0262351528827238
"3467",5288,0.0369226807147797,0.036591757277315,0.00896260593917915,3,"NS3",5270,"a","g","syn","K","K",0,0,5270,"a","g","syn","K","K",0,0,5286,"a","g","syn","K","K",0,0,0.0270851808335634,0.0384148418624856,0.0196250206125822,0.0187898212499034
"4736",7113,0.0296202669984712,0.0293555832265022,0.00893590094858688,1,"NS5A",7095,"a","g","nonsyn","I","V",0,0,7095,"a","g","nonsyn","I","V",0,0,7111,"a","g","nonsyn","I","V",0,0,0.0470790666169785,0.0159273175787703,0.00467425630076644,0.0112530612780039
"699",1157,0.0432465481262197,0.0428620306088748,0.00889128806818635,3,"E1",1157,"c","t","syn","C","C",0,0,1157,"c","t","syn","C","C",0,0,1155,"c","t","syn","C","C",0,0,0.0274693688822591,0.0197344766620259,0.0196113323817382,0.000123144280287701
"3368",5152,0.0308101703804175,0.0305363912310221,0.00888599920139951,2,"NS3",5134,"a","g","nonsyn","Q","R",1,1,5134,"a","g","nonsyn","Q","R",1,1,5150,"a","g","nonsyn","Q","R",1,1,0.00886523518046326,0.0137408161213994,0.00398628835296412,0.00975452776843528
"2706",4241,0.0619773831320626,0.0614315462441243,0.00880703347502215,3,"NS3",4223,"c","t","syn","S","S",0,0,4223,"c","t","syn","S","S",0,0,4239,"c","t","syn","S","S",0,0,0.0167285025642714,0.0213335866394762,0.0136164194350234,0.0077171672044528
"1952",3080,0.0460549362227096,0.0456497292928394,0.0087983387472458,3,"NS2",3062,"t","c","syn","L","L",0,0,3062,"t","c","syn","T","T",0,0,3078,"t","c","syn","T","T",0,1,0.0314440671073611,0.0177621465621528,0.0110071454382198,0.006755001123933
"1054",1683,0.032344484897052,0.0320614609034412,0.0087503014659716,1,"E2",1683,"a","g","nonsyn","N","D",1,1,1683,"a","g","nonsyn","N","D",1,1,1681,"a","g","nonsyn","N","D",1,1,0.0131864898490717,0.0206586073863544,0.00421850599708192,0.0164401013892725
"546",905,0.020279182137134,0.0201020312715032,0.00873560207866443,3,"Core",905,"c","t","syn","P","P",0,0,905,"a","g","syn","P","P",0,1,903,"a","g","syn","P","P",0,1,0.0215752274757923,0.0135641832378127,0.00285772244974074,0.010706460788072
"2543",4003,0.0230334869405123,0.022833931746063,0.00866369885569865,2,"NS3",3985,"c","t","nonsyn","S","F",1,0,3985,"c","t","nonsyn","S","F",1,0,4001,"c","t","nonsyn","T","I",1,0,0.00326936347101369,0.00151298981191672,0.0127401112324009,-0.0112271214204842
"1146",1832,0.0494905335259817,0.0490655148765625,0.00858787770384553,3,"E2",1829,"t","c","syn","I","I",0,1,1829,"t","c","syn","I","I",0,1,1830,"t","c","syn","I","I",0,1,0.0293146069859422,0.0600470688140474,0.0100474836605467,0.0499995851535007
"5714",8597,0.0259869757579415,0.0257650989066634,0.00853800201088231,3,"NS5B",8564,"c","t","syn","V","V",0,0,8561,"c","t","syn","V","V",0,0,8592,"c","t","syn","V","V",0,0,0.00286279111632578,0.00228510814275378,0.0292592391269849,-0.0269741309842311
"1389",2189,0.0320489674680886,0.0317763006356648,0.0085078195637757,3,"E2",2171,"c","t","syn","D","D",0,0,2171,"c","t","syn","D","D",0,0,2187,"c","t","syn","D","D",0,0,0.0135927136252343,0.0167268806387324,0.00874481132453606,0.00798206931419634
"5651",8501,0.0302276953407041,0.0299711066469018,0.00848852983696623,3,"NS5B",8468,"t","c","syn","C","C",0,1,8465,"c","t","syn","C","C",0,0,8496,"c","t","syn","F","F",0,0,0.0227462213357051,0.00410344251876023,0.0277971814309698,-0.0236937389122096
"1010",1622,0.0236988111896293,0.0234978207973209,0.00848103268557209,3,"E2",1622,"g","a","syn","L","L",0,0,1622,"g","a","syn","L","L",0,0,1620,"g","a","syn","L","L",0,0,0.00949916632807564,0.0159097937945896,0.00294105851356164,0.012968735281028
"2952",4585,0.0254833182978253,0.0252673934897319,0.00847318255691226,2,"NS3",4567,"c","t","nonsyn","A","V",0,0,4567,"g","a","nonsyn","G","D",1,0,4583,"g","a","nonsyn","G","D",1,0,0.00229446158560105,0.0316287756805601,0.00335513415370307,0.028273641526857
"2835",4424,0.0248172380469419,0.0246072598943061,0.00846097991398562,3,"NS3",4406,"c","t","syn","V","V",0,0,4406,"c","t","syn","V","V",0,0,4422,"c","t","syn","I","I",0,0,0.013615585604253,0.0270161431106322,0.00396178604039453,0.0230543570702377
"956",1548,0.0276099707519668,0.0273776731036818,0.00841354199074968,1,"HVR1",1548,"c","t","nonsyn",NA,NA,0,0,1548,"t","c","nonsyn","F","L",0,0,1546,"t","c","nonsyn","F","L",0,0,0.0522490724183991,0.0308081217352376,0.0029673855568568,0.0278407361783808
"3007",4650,0.0202297698497519,0.0200597150521221,0.008406165709884,1,"NS3",4632,"g","a","nonsyn","D","N",1,0,4632,"g","a","nonsyn","D","N",1,0,4648,"g","a","nonsyn","D","N",1,0,0.00262293439639385,0.018921108940495,0.00438328450482963,0.0145378244356654
"943",1522,0.0353828392422599,0.0350867735316642,0.00836749443900163,2,"HVR1",1522,"g","a","nonsyn",NA,NA,0,0,1522,"a","g","nonsyn","H","R",0,1,1520,"a","g","nonsyn","H","R",0,1,0.0763481417068701,0.0140919224305805,0.0768253513836894,-0.0627334289531089
"3843",5837,0.0344785899208379,0.0341902039131401,0.00836420539122632,3,"NS4B",5819,"t","c","syn","A","A",0,0,5819,"t","c","syn","A","A",0,0,5835,"t","c","syn","S","S",0,0,0.025571451813563,0.0330137554496489,0.00699446702406918,0.0260192884255797
"1627",2529,0.0215731076792761,0.0213931272775276,0.00834281293285446,1,"E2",2511,"c","t","nonsyn","L","F",0,0,2511,"c","t","nonsyn","L","F",0,0,2527,"c","t","nonsyn","L","F",0,0,0.00142001996324374,0.0221859371825149,0.00162418551042392,0.020561751672091
"2475",3890,0.0318789931618923,0.0316135384283992,0.00832694847497269,3,"NS3",3872,"g","a","syn","V","V",0,0,3872,"g","a","syn","V","V",0,0,3888,"g","a","syn","A","A",0,0,0.0196737339126783,0.0178673209889611,0.033965199244272,-0.0160978782553109
"548",907,0.0259459601646665,0.0257309180083737,0.00828807856514265,2,"Core",907,"c","t","nonsyn","A","V",0,0,907,"c","t","nonsyn","A","V",0,0,905,"c","t","nonsyn","A","V",0,0,0.00264839703317458,0.0369777218333622,0.0027503828003332,0.034227339033029
"4782",7190,0.0286025553383864,0.0283661436220347,0.0082654054351012,3,"NS5A",7172,"g","a","syn","K","K",0,0,7172,"a","g","syn","K","K",0,0,7188,"a","g","syn","K","K",0,0,0.0133582495027933,0.00551846475374836,0.016910317418059,-0.0113918526643106
"1663",2579,0.0199074348361526,0.0197445057875592,0.00818433162958435,3,"E2",2561,"c","t","syn","L","L",0,0,2561,"g","a","syn","L","L",0,0,2577,"g","a","nonsyn","M","I",0,0,0.00629448236013432,0.0191376308809918,0.00137109501694727,0.0177665358640445
"3667",5577,0.0278924759598153,0.0276643195013359,0.00817985677600391,1,"NS4B",5559,"t","c","nonsyn","S","P",1,0,5559,"a","g","nonsyn","T","A",1,1,5575,"a","g","nonsyn","T","A",1,1,0.00431090697560595,0.00357608747893947,0.0415853868371577,-0.0380092993582182
"2964",4601,0.0324617113522357,0.0321985682919474,0.0081062596310139,3,"NS3",4583,"c","t","syn","A","A",0,0,4583,"t","c","syn","A","A",0,1,4599,"t","c","syn","A","A",0,1,0.0170088642994697,0.06522847931862,0.0178811127210583,0.0473473665975617
"257",551,0.0212459705941569,0.0210742905335098,0.00808059391244159,3,"Core",551,"g","a","syn","R","R",0,0,551,"g","a","syn","Q","Q",0,0,549,"g","a","syn","R","R",0,0,0.00513433943344034,0.0176913954637621,0.00187795863188852,0.0158134368318736
"2886",4492,0.0229814138614837,0.0227959848821621,0.00806864975493715,2,"NS3",4474,"a","g","nonsyn","K","R",0,0,4474,"a","g","nonsyn","K","R",0,0,4490,"a","g","nonsyn","K","R",0,0,0.00238200648462311,0.00238048261542689,0.0193326562951145,-0.0169521736796876
"611",1008,0.036232728303101,0.0359412657691845,0.00804417849736157,1,"E1",1008,"a","g","nonsyn","T","A",1,1,1008,"a","g","nonsyn","T","A",1,1,1006,"a","g","nonsyn","T","A",1,1,0.0130988369842519,0.00622548264826477,0.0235591144543638,-0.017333631806099
"1371",2168,0.0358003006390596,0.0355125942265454,0.0080364244818742,3,"E2",2150,"t","c","syn","I","I",0,0,2150,"g","a","syn","L","L",0,0,2166,"g","a","syn","L","L",0,0,0.0224021149979138,0.0059735867831301,0.036150574416308,-0.0301769876331779
"3596",5470,0.00563209191395265,0.00558710654321636,0.0079873289398643,2,"NS4A",5452,"a","g","nonsyn","E","G",1,0,5452,"a","g","nonsyn","E","G",1,0,5468,"a","g","nonsyn","Q","R",1,1,0.00355908507964639,0.00356767768533661,0.00227872163874023,0.00128895604659638
"5679",8537,0.0281605969592831,0.0279364991110976,0.00795785147983615,3,"NS5B",8504,"a","g","syn","A","A",0,1,8501,"g","a","syn","A","A",0,0,8532,"g","a","syn","A","A",0,0,0.00422619520050232,0.0192527392402571,0.00383085671131844,0.0154218825289387
"726",1196,0.0238316753897662,0.0236422958789248,0.0079465462559416,3,"E1",1196,"t","c","syn","F","F",0,0,1196,"c","t","syn","F","F",0,0,1194,"c","t","syn","F","F",0,0,0.0341084853114346,0.0393820653852408,0.00386372104089726,0.0355183443443435
"3892",5912,0.0209470684312708,0.0207807817555537,0.00793842232686163,3,"NS4B",5894,"t","c","syn","I","I",0,0,5894,"c","t","syn","I","I",0,0,5910,"c","t","syn","I","I",0,0,0.0237980675529582,0.0184174277919344,0.00530111300199177,0.0131163147899426
"4350",6552,0.0271281958688555,0.0269137112016626,0.00790633731154577,1,"NS5A",6534,"t","c","nonsyn","Y","H",1,0,6534,"t","c","nonsyn","Y","H",1,0,6550,"t","c","nonsyn","Y","H",1,0,0.00291346878713833,0.0318849605177873,0.0038932356842847,0.0279917248335026
"2319",3662,0.0278784749096857,0.0276583928051035,0.00789433802584757,3,"NS3",3644,"t","c","syn","Y","Y",0,0,3644,"c","t","syn","Y","Y",0,0,3660,"c","t","syn","Y","Y",0,0,0.0364372994654233,0.0401850703264557,0.00494981452840905,0.0352352557980466
"3434",5240,0.0224879462065408,0.0223105304866197,0.00788936963347314,3,"NS3",5222,"a","g","syn","R","R",0,0,5222,"g","a","syn","R","R",0,0,5238,"g","a","syn","R","R",0,0,0.0196781722929839,0.0137656031622374,0.00193360243992253,0.0118320007223149
"2006",3168,0.0244582403743003,0.0242661121362163,0.00785535815920438,1,"NS2",3150,"g","a","nonsyn","A","T",1,0,3150,"g","a","nonsyn","A","T",1,0,3166,"g","a","nonsyn","V","I",0,0,0.00551643621482242,0.00317819926929462,0.0320917338104933,-0.0289135345411987
"1053",1682,0.0244972580869249,0.0243049802890738,0.00784895179569942,3,"E2",1682,"c","t","syn","F","F",0,0,1682,"c","t","syn","F","F",0,0,1680,"c","t","syn","F","F",0,0,0.0204210814233826,0.0258702341543231,0.0139232324509609,0.0119470017033622
"1208",1925,0.0730025202234813,0.0724319184768249,0.00781619243979022,3,"E2",1922,"c","t","syn","Y","Y",0,0,1922,"c","t","syn","Y","Y",0,0,1923,"c","t","syn","Y","Y",0,0,0.00945484362570944,0.0246220637394687,0.0484607925551941,-0.0238387288157254
"828",1346,0.031634060975661,0.0313872396793929,0.00780239048214377,3,"E1",1346,"t","c","syn","A","A",0,0,1346,"g","a","syn","S","S",0,0,1344,"g","a","syn","A","A",0,0,0.0206947946221998,0.00466030630619828,0.020579560289004,-0.0159192539828057
"1046",1674,0.031077924009531,0.0308360418740119,0.00778308536454666,1,"E2",1674,"c","t","nonsyn","H","Y",1,0,1674,"c","t","nonsyn","H","Y",1,0,1672,"c","t","nonsyn","H","Y",1,0,0.0450790890094859,0.0019910424186258,0.0120090532976791,-0.0100180108790533
"1770",2760,0.0204587999446128,0.0203010578822804,0.0077102304514192,1,"NS1",2742,"c","t","syn","L","L",0,0,2742,"c","t","syn","L","L",0,0,2758,"c","t","nonsyn","L","F",0,0,0.0350120623629668,0.0193201358748344,0.00158469620741577,0.0177354396674186
"2850",4442,0.0204332808616675,0.0202763118073038,0.0076820289128507,3,"NS3",4424,"c","t","syn","N","N",0,0,4424,"c","t","syn","N","N",0,0,4440,"c","t","syn","N","N",0,0,0.00939234489606658,0.0172356829892582,0.00701833796167575,0.0102173450275824
"1679",2601,0.028437005648884,0.0282186900689779,0.00767716483942433,1,"NS1",2583,"t","c","syn","L","L",0,0,2583,"t","c","syn","L","L",0,0,2599,"t","c","syn","L","L",0,0,0.0222294036320644,0.0266637468438403,0.0051410540347579,0.0215226928090824
"4889",7354,0.0221129023548661,0.0219433037137628,0.00766966897341684,2,"NS5A",7336,"c","t","nonsyn","T","M",1,0,7336,"c","t","nonsyn","T","M",1,0,7352,"c","t","nonsyn","T","I",1,0,0.00377926039418259,0.00190634208474231,0.0139380229658599,-0.0120316808811176
"1056",1685,0.0265560249832911,0.0263539491516459,0.00760941563251005,3,"E2",1685,"c","t","syn","N","N",0,0,1685,"c","t","syn","N","N",0,0,1683,"c","t","syn","N","N",0,0,0.0110216371051962,0.0195220758066038,0.00419015338213038,0.0153319224244734
"1686",2609,0.0237636146503719,0.0235829549107506,0.00760236783331486,3,"NS1",2591,"c","t","syn","N","N",0,0,2591,"c","t","syn","N","N",0,0,2607,"c","t","syn","N","N",0,0,0.00597222267631177,0.02078021327163,0.00254694450447413,0.0182332687671559
"1353",2144,0.0282025049375526,0.0279887990298865,0.00757755058067819,3,"E2",2126,"t","c","syn","S","S",0,0,2126,"c","t","syn","T","T",0,0,2142,"c","t","syn","S","S",0,0,0.0211395696895976,0.025788227659778,0.0195552699884278,0.0062329576713502
"5424",8165,0.0269176981091343,0.026714188166037,0.00756045120471239,3,"NS5B",8132,"c","t","syn","D","D",0,0,8129,"c","t","syn","D","D",0,0,8160,"c","t","syn","D","D",0,0,0.00434312082007837,0.0195858785900061,0.00422874389786057,0.0153571346921455
"1178",1877,0.0250269212736856,0.0248398797702948,0.00747361216928739,3,"E2",1874,"c","t","syn","P","P",0,0,1874,"a","g","syn","P","P",0,1,1875,"a","g","syn","P","P",0,1,0.00859410024245959,0.0242795681540069,0.00377942447654348,0.0205001436774634
"85",349,0.0211605013936071,0.0210023843563361,0.00747227271839527,2,"Core",349,"c","t","nonsyn","T","M",1,0,349,"c","t","nonsyn","T","M",1,0,347,"c","t","nonsyn","T","I",1,0,0.00279752551242104,0.0131770201984412,0.00189904272994719,0.011277977468494
"1705",2643,0.032798757089435,0.0325541994282891,0.00745630880094143,1,"NS1",2625,"a","g","nonsyn","T","A",1,0,2625,"a","g","nonsyn","T","A",1,0,2641,"a","g","nonsyn","T","A",1,0,0.0169953069897342,0.0176880276697379,0.00571858440605335,0.0119694432636845
"1209",1926,0.026120215910791,0.0259278087792181,0.00736621520396436,1,"E2",1923,"a","g","nonsyn","S","G",1,1,1923,"a","g","nonsyn","S","G",1,1,1924,"a","g","nonsyn","T","A",1,1,0.012497551822528,0.0429867778077957,0.0135998474269202,0.0293869303808755
"2613",4100,0.0756953308396583,0.0751425071253227,0.00730327363925037,3,"NS3",4082,"g","a","syn","Q","Q",0,0,4082,"a","g","syn","Q","Q",0,0,4098,"a","g","syn","Q","Q",0,0,0.00965205836648108,0.0220782933808423,0.0225431557554747,-0.000464862374632398
"702",1161,0.0223005040964906,0.022137884572316,0.00729219050255291,1,"E1",1161,"g","a","nonsyn","A","T",1,0,1161,"g","a","nonsyn","A","T",1,0,1159,"g","a","nonsyn","A","T",1,0,0.00223698425507049,0.0164416018339047,0.00213727701010425,0.0143043248238004
"543",899,0.0789189502376466,0.0783500459478011,0.00720871588043654,3,"Core",899,"t","c","syn","T","T",0,1,899,"c","t","syn","T","T",0,0,897,"c","t","syn","I","I",0,0,0.033225804237154,0.0206119667727156,0.0654081355009202,-0.0447961687282046
"2232",3522,0.0185965690680904,0.0184634063549404,0.00716060648942492,1,"NS3",3504,"g","a","nonsyn","V","M",0,0,3504,"g","a","nonsyn","V","I",0,0,3520,"g","a","nonsyn","V","M",0,0,0.00112654077699686,0.00127591847410296,0.0118454056968613,-0.0105694872227583
"1868",2942,0.0279691916246702,0.0277693791423022,0.00714402064419192,3,"NS2",2924,"t","c","syn","V","V",0,0,2924,"c","t","syn","I","I",0,0,2940,"c","t","syn","V","V",0,0,0.0262819109989533,0.0247316395133451,0.00876109426818024,0.0159705452451649
"2534",3989,0.0346155383119435,0.0343684743941859,0.0071373703777532,3,"NS3",3971,"c","t","syn","F","F",0,0,3971,"c","t","syn","F","F",0,0,3987,"c","t","syn","F","F",0,0,0.0184929397068371,0.0241066772328795,0.0215043491084916,0.0026023281243879
"3686",5615,0.0238100549794683,0.0236408070650511,0.00710825382651018,3,"NS4B",5597,"c","t","syn","T","T",0,0,5597,"c","t","syn","S","S",0,0,5613,"c","t","syn","T","T",0,0,0.011677642270205,0.00308217707273543,0.0226549802921817,-0.0195728032194463
"2578",4058,0.0330296620892214,0.0327952664124129,0.00709652058126997,3,"NS3",4040,"c","t","syn","G","G",0,0,4040,"c","t","syn","G","G",0,0,4056,"c","t","syn","G","G",0,0,0.0152532079624419,0.00616445429648989,0.0191447700181956,-0.0129803157217057
"987",1595,0.0228730888369674,0.0227107867562776,0.00709576576415213,3,"E2",1595,"c","t","syn","G","G",0,0,1595,"c","t","syn","G","G",0,0,1593,"c","t","syn","G","G",0,0,0.0175805017849326,0.0146428819289328,0.0126542005621314,0.0019886813668014
"3399",5192,0.0283483070532862,0.0281474079582839,0.00708681102630514,3,"NS3",5174,"g","a","syn","L","L",0,0,5174,"c","t","syn","L","L",0,0,5190,"c","t","syn","L","L",0,0,0.00699449375660701,0.0261689509159317,0.00393755618221244,0.0222313947337193
"1793",2813,0.0561374991758698,0.0557414193497422,0.00705553029511867,3,"NS2",2795,"t","c","syn","C","C",0,1,2795,"c","t","syn","C","C",0,0,2811,"c","t","syn","L","L",0,0,0.0139340332883201,0.015159638062957,0.0378729730890742,-0.0227133350261172
"5174",7820,0.0198411595476034,0.0197022716847429,0.00699998719970369,3,"NS5B",7787,"c","t","syn","S","S",0,0,7784,"c","t","syn","D","D",0,0,7815,"c","t","syn","D","D",0,0,0.0228883403921864,0.0165554524187246,0.00194220832139385,0.0146132440973307
"4883",7346,0.0238511702459054,0.0236842992438492,0.00699634442820712,3,"NS5A",7328,"a","g","syn","K","K",0,0,7328,"g","a","syn","R","R",0,0,7344,"g","a","syn","R","R",0,0,0.0247549666622338,0.0173191034068192,0.0189729816870713,-0.0016538782802521
"4163",6281,0.0309144410464991,0.030700923133664,0.00690673696846049,3,"NS5A",6263,"t","c","syn","G","G",0,0,6263,"c","t","syn","G","G",0,0,6279,"c","t","syn","G","G",0,0,0.0276910368509779,0.00546619593602211,0.0248120305454467,-0.0193458346094246
"4943",7477,0.0175993000869894,0.0174778824319048,0.00689900476067118,2,"NS5A",7459,"c","t","nonsyn","P","L",1,0,7444,"c","t","nonsyn","P","L",1,0,7475,"c","t","nonsyn","T","I",1,0,0.00357998106366261,0.0126339267931956,0.00159418314116128,0.0110397436520343
"2088",3308,0.0346741004247125,0.0344349943000474,0.00689581335164755,3,"NS2",3290,"c","t","syn","L","L",0,0,3290,"c","t","syn","I","I",0,0,3306,"c","t","syn","V","V",0,0,0.0150789196004874,0.0270788194921887,0.00833452641131427,0.0187442930808744
"2083",3302,0.0410023514744952,0.0407205072008692,0.00687385633971058,3,"NS2",3284,"c","t","syn","T","T",0,0,3284,"c","t","syn","T","T",0,0,3300,"c","t","syn","I","I",0,0,0.00717840072351667,0.0366310690057364,0.0062718519772938,0.0303592170284426
"1243",1973,0.0334057287917587,0.0331769505698074,0.00684847270890087,3,"E2",1970,"g","a","syn","R","R",0,0,1970,"g","a","syn","R","R",0,0,1971,"g","a","syn","R","R",0,0,0.0244061219164304,0.00557610223715499,0.0232587531943675,-0.0176826509572125
"1717",2663,0.0214506638477167,0.0213037658316141,0.00684818041741814,3,"NS1",2645,"c","t","syn","F","F",0,0,2645,"c","t","syn","F","F",0,0,2661,"c","t","syn","Y","Y",0,0,0.00353343905384313,0.0155045641106747,0.0031415094112709,0.0123630546994038
"3233",4978,0.0173405007825687,0.0172219909141413,0.0068342817726789,2,"NS3",4960,"g","a","nonsyn","R","Q",1,0,4960,"g","a","nonsyn","R","Q",1,0,4976,"g","a","nonsyn","R","K",0,0,0.0020008108465888,0.00887524268827148,0.00116984351127456,0.00770539917699692
"5473",8246,0.0184084361405682,0.0182829018488497,0.00681938926044037,3,"NS5B",8213,"c","t","syn","L","L",0,0,8210,"g","a","syn","L","L",0,0,8241,"g","a","syn","L","L",0,0,0.00789260787535476,0.00182980341674985,0.026119777009674,-0.0242899735929242
"1901",2998,0.0293290215721986,0.0291291326795586,0.00681539587496786,2,"NS2",2980,"t","c","nonsyn","V","A",0,0,2980,"t","c","nonsyn","V","A",0,0,2996,"t","c","nonsyn","L","P",1,0,0.0246494639894282,0.0278709151618075,0.00456754754315358,0.0233033676186539
"1098",1752,0.0269356120112435,0.026752910322327,0.00678290468544967,1,"E2",1752,"c","t","nonsyn","P","S",1,0,1752,"c","t","nonsyn","P","S",1,0,1750,"c","t","nonsyn","P","S",1,0,0.00380086324200429,0.00388784854363331,0.0215630415084856,-0.0176751929648523
"2678",4193,0.0211619942701553,0.0210190168684469,0.00675632928934403,3,"NS3",4175,"c","t","syn","I","I",0,0,4175,"c","t","syn","I","I",0,0,4191,"c","t","syn","I","I",0,0,0.0113984573152839,0.00931947214133845,0.002589238986208,0.00673023315513045
"916",1475,0.0300725440160913,0.0298696570953525,0.00674658321657919,3,"E1",1475,"t","c","syn","F","F",0,1,1475,"t","c","syn","F","F",0,1,1473,"t","c","syn","F","F",0,0,0.0205883207334071,0.0295581220624007,0.0198637890608508,0.0096943330015499
"4490",6752,0.0339178222217482,0.0336894383602652,0.00673344709427035,3,"NS5A",6734,"c","t","syn","H","H",0,0,6734,"c","t","syn","H","H",0,0,6750,"c","t","syn","H","H",0,0,0.0486744580675213,0.00778965548587058,0.0262987699685224,-0.0185091144826518
"3997",6053,0.0268136392441939,0.0266344539002654,0.00668261933028286,3,"NS4B",6035,"c","t","syn","C","C",0,0,6035,"c","t","syn","C","C",0,0,6051,"c","t","syn","C","C",0,0,0.0291246276400485,0.0300332564322227,0.00576276881710205,0.0242704876151206
"1138",1820,0.0437963307851353,0.0435042082049339,0.00667002406285005,3,"E2",1817,"a","g","syn","R","R",0,0,1817,"a","g","syn","R","R",0,0,1818,"a","g","syn","R","R",0,0,0.0198667306850668,0.0204316154047264,0.0178356086621119,0.0025960067426145
"4609",6927,0.0197263742955128,0.0195960802654673,0.00660506731209599,1,"NS5A",6909,"t","c","syn","L","L",0,0,6909,"c","t","syn","L","L",0,0,6925,"c","t","nonsyn","L","F",0,0,0.0280841429632617,0.0324333125996673,0.00158499363885645,0.0308483189608109
"2205",3480,0.0200584296176684,0.0199286640106221,0.00646938018178612,1,"NS3",3462,"g","a","nonsyn","G","R",1,0,3462,"g","a","nonsyn","G","S",1,0,3478,"g","a","nonsyn","G","R",1,0,0.00116552924952093,0.00196163260813784,0.0115942354541761,-0.00963260284603826
"1008",1620,0.0325446093784106,0.0323344314628769,0.0064581483553824,1,"E2",1620,"t","c","syn","L","L",0,0,1620,"c","t","syn","L","L",0,0,1618,"c","t","syn","L","L",0,0,0.0282254910553881,0.0327676950051461,0.00715253777700209,0.025615157228144
"2420",3809,0.0249822426459988,0.0248210958316659,0.00645045429333107,3,"NS3",3791,"t","c","syn","G","G",0,0,3791,"g","a","syn","G","G",0,0,3807,"g","a","syn","A","A",0,0,0.0215539897953282,0.0195320023801103,0.00395773097046749,0.0155742714096428
"575",959,0.0181821872246659,0.018065426508249,0.00642170905920879,3,"E1",959,"t","c","syn","D","D",0,0,959,"c","t","syn","D","D",0,0,957,"c","t","syn","D","D",0,0,0.0148183044258762,0.0246267497315968,0.00155105298086905,0.0230756967507278
"1147",1833,0.020185952355907,0.0200569453714859,0.00639092880764309,1,"E2",1830,"g","a","nonsyn","V","M",0,0,1830,"g","a","nonsyn","V","I",0,0,1831,"g","a","nonsyn","V","I",0,0,0.00285723377372487,0.0500596864107205,0.00293472046522343,0.0471249659454971
"4815",7241,0.0229169356330344,0.0227719492842808,0.00632660278299071,3,"NS5A",7223,"c","t","syn","N","N",0,0,7223,"c","t","syn","N","N",0,0,7239,"c","t","syn","N","N",0,0,0.0246883800254118,0.00347844556243278,0.0345924262977426,-0.0311139807353098
"1062",1694,0.105289486770256,0.104626571431561,0.0062961209046626,3,"E2",1694,"c","t","syn","G","G",0,0,1694,"a","g","syn","G","G",0,0,1692,"a","g","syn","G","G",0,0,0.0143785162325106,0.032615004052008,0.016641333745738,0.01597367030627
"4371",6578,0.0284466493147488,0.0282679454680241,0.00628207015692347,3,"NS5A",6560,"t","c","syn","L","L",0,0,6560,"c","t","syn","S","S",0,0,6576,"c","t","syn","C","C",0,0,0.0209909718848737,0.0148260884289898,0.0051848890264333,0.0096411994025565
"3148",4862,0.0351831865106297,0.034962840165371,0.00626283083233766,3,"NS3",4844,"t","c","syn","F","F",0,1,4844,"t","c","syn","F","F",0,1,4860,"t","c","syn","Y","Y",0,1,0.0104426009232983,0.03306211199928,0.00778738881531773,0.0252747231839623
"2428",3818,0.0205043717430262,0.0203773876015413,0.00619302766631217,3,"NS3",3800,"t","c","syn","L","L",0,0,3800,"c","t","syn","L","L",0,0,3816,"c","t","syn","L","L",0,0,0.0293023804586467,0.0283218214260125,0.00254207004426156,0.0257797513817509
"2893",4503,0.0203097140441779,0.0201855691524614,0.00611258688558684,1,"NS3",4485,"c","t","nonsyn","L","F",0,0,4485,"a","g","nonsyn","I","V",0,1,4501,"a","g","nonsyn","I","V",0,0,0.000997773054587251,0.00299696362383897,0.0278569665363915,-0.0248600029125525
"5387",8117,0.0342017037319528,0.0339932219487334,0.00609565490811123,3,"NS5B",8084,"g","a","syn","V","V",0,0,8081,"g","a","syn","V","V",0,0,8112,"g","a","syn","V","V",0,0,0.00381268005033292,0.0126150152129753,0.0237511598608743,-0.011136144647899
"1687",2610,0.0173611760636358,0.0172561754356624,0.00604801354404329,1,"NS1",2592,"c","t","nonsyn","L","F",0,0,2592,"c","t","syn","L","L",0,0,2608,"c","t","nonsyn","L","F",0,0,0.00186448523198616,0.0334938201327355,0.0022424390217548,0.0312513811109807
"432",755,0.0221098547313029,0.0219762961283061,0.00604068206778662,3,"Core",755,"g","a","syn","P","P",0,0,755,"g","a","syn","P","P",0,0,753,"g","a","syn","P","P",0,0,0.00356931434124881,0.00292667357086498,0.028848285756933,-0.025921612186068
"1718",2664,0.0229708371025063,0.022832123948371,0.00603866343730903,1,"NS1",2646,"c","t","nonsyn","L","F",0,0,2646,"c","t","nonsyn","L","F",0,0,2662,"c","t","syn","L","L",0,0,0.00146406096497048,0.00270649287614841,0.0113731860527174,-0.00866669317656899
"1664",2580,0.0273365677642446,0.0271738087375724,0.00595389399561239,1,"E2",2562,"a","g","nonsyn","I","V",0,1,2562,"a","g","nonsyn","I","V",0,0,2578,"a","g","nonsyn","I","V",0,0,0.00449657132661647,0.0182667771301842,0.00579479435122367,0.0124719827789605
"4931",7433,0.0193024727444226,0.0191884439361768,0.00590747153256464,3,"NS5A",7415,"c","t","syn","S","S",0,0,7415,"g","a","syn","S","S",0,0,7431,"g","a","syn","Q","Q",0,0,0.0105194892545445,0.0435281727109001,0.00283090655177575,0.0406972661591243
"1109",1774,0.0128698795565948,0.012794597118108,0.00584950606225555,2,"E2",1774,"g","a","nonsyn","S","N",0,0,1774,"c","t","nonsyn","P","L",1,0,1772,"c","t","nonsyn","T","I",1,0,0.00498223066064339,0.0100905855884029,0.00139095098111306,0.00869963460728984
"4902",7379,0.0201920880475857,0.0200741646182865,0.00584008097732663,3,"NS5A",7361,"a","g","syn","L","L",0,0,7361,"g","a","syn","V","V",0,0,7377,"g","a","syn","V","V",0,0,0.0230694066448518,0.0252462023530818,0.00264511773770822,0.0226010846153736
"3333",5105,0.0291055705644111,0.0289358449733983,0.00583137824552146,3,"NS3",5087,"c","t","syn","N","N",0,0,5087,"c","t","syn","N","N",0,0,5103,"c","t","syn","N","N",0,0,0.0140717783625687,0.0280313784960319,0.0413706062769278,-0.0133392277808959
"846",1379,0.0675038132293868,0.067111401398274,0.00581318020923312,3,"E1",1379,"c","t","syn","D","D",0,0,1379,"c","t","syn","D","D",0,0,1377,"c","t","syn","D","D",0,0,0.0150049721757319,0.0289086847273413,0.0198616574712809,0.0090470272560604
"926",1493,0.0273375206997575,0.0271786805348196,0.00581033542443028,3,"HVR1",1493,"a","g","syn","E","E",0,0,1493,"c","t","syn","N","N",0,0,1491,"c","t","syn","T","T",0,0,0.0301715709656808,0.0142784530066985,0.0153295164166869,-0.0010510634099884
"1644",2550,0.0219116916396172,0.0217848381097993,0.00578930791397826,1,"E2",2532,"g","a","nonsyn","V","I",0,0,2532,"g","a","nonsyn","V","I",0,0,2548,"g","a","nonsyn","V","M",0,0,0.0194847135832611,0.0192490812370902,0.00304923472881108,0.0161998465082791
"3633",5525,0.0202448666562142,0.0201277289737391,0.00578604366550151,3,"NS4B",5507,"g","a","nonsyn","M","I",0,0,5507,"g","a","nonsyn","M","I",0,0,5523,"g","a","syn","Q","Q",0,0,0.00406725726260697,0.00278272218611937,0.0382993932420845,-0.0355166710559651
"2200",3474,0.0153388380956321,0.0152500948447646,0.00578552627743133,1,"NS3",3456,"c","t","nonsyn","L","F",0,0,3456,"c","t","syn","L","L",0,0,3472,"c","t","nonsyn","L","F",0,0,0.00201357774847673,0.0280093275818129,0.00171754679707848,0.0262917807847344
"4474",6732,0.0155070843458306,0.015417479476535,0.00577831830260835,1,"NS5A",6714,"t","c","syn","L","L",0,0,6714,"g","a","nonsyn","V","M",0,0,6730,"g","a","nonsyn","V","M",0,0,0.0316490205861035,0.00840812735685718,0.00152318979401717,0.00688493756284001
"5399",8132,0.0190278948277903,0.01891845307621,0.00575164791327605,3,"NS5B",8099,"c","t","syn","G","G",0,0,8096,"g","a","syn","G","G",0,0,8127,"g","a","syn","G","G",0,0,0.0314588362404432,0.0110171439717647,0.00346310475556305,0.00755403921620165
"265",563,0.016856491623752,0.0167604744690511,0.0056961529625538,3,"Core",563,"g","a","syn","R","R",0,0,563,"g","a","syn","R","R",0,0,561,"g","a","syn","R","R",0,0,0.00645286794513457,0.0101321903602226,0.00163664645975206,0.00849554390047054
"3696",5630,0.0431383417489982,0.0428933175603907,0.00567996308326432,3,"NS4B",5612,"c","t","syn","L","L",0,0,5612,"t","c","syn","L","L",0,1,5628,"t","c","syn","L","L",0,1,0.0148795621029583,0.0304759315529359,0.02356440000514,0.0069115315477959
"311",611,0.0198132708390686,0.0197015877628281,0.00563678138494345,3,"Core",611,"t","c","syn","G","G",0,0,611,"c","t","syn","G","G",0,0,609,"c","t","syn","G","G",0,0,0.00822140282682695,0.0116111796660596,0.00506779042556254,0.00654338924049706
"2814",4385,0.0232809039756746,0.0231503793537476,0.00560651004202254,3,"NS3",4367,"a","g","syn","R","R",0,0,4367,"g","a","syn","R","R",0,0,4383,"g","a","syn","R","R",0,0,0.0296390468446343,0.0206752133821739,0.00394910107946079,0.0167261123027131
"1777",2774,0.0313840129782304,0.0312102060649061,0.00553807167505678,3,"NS1",2756,"g","a","syn","Q","Q",0,0,2756,"a","g","syn","P","P",0,1,2772,"a","g","syn","Q","Q",0,0,0.0186998032706404,0.0202528503961715,0.00649585869919682,0.0137569916969747
"3441",5252,0.022418937280567,0.0222949816119552,0.00552906085870774,3,"NS3",5234,"t","c","syn","V","V",0,0,5234,"c","t","syn","V","V",0,0,5250,"c","t","syn","V","V",0,0,0.024089777605512,0.0191994873526998,0.00407096391669814,0.0151285234360017
"1603",2488,0.0207660977600758,0.0206523650027851,0.00547684782209736,2,"E2",2470,"c","t","nonsyn","A","V",0,0,2470,"t","c","nonsyn","V","A",0,0,2486,"t","c","nonsyn","V","A",0,1,0.00978644102985977,0.0137049853896069,0.00274939189677863,0.0109555934928283
"4325",6521,0.0205022305013042,0.0203899960900821,0.0054742537020511,3,"NS5A",6503,"c","t","syn","N","N",0,0,6503,"c","t","syn","N","N",0,0,6519,"c","t","syn","N","N",0,0,0.00614987533275439,0.00238019824945736,0.0180581306428826,-0.0156779323934252
"5119",7745,0.0258039521711438,0.0256634920854527,0.00544335552784619,3,"NS5B",7712,"g","a","syn","V","V",0,0,7709,"c","t","syn","V","V",0,0,7740,"c","t","syn","V","V",0,0,0.0147117052403884,0.0139123473723062,0.00811180921064821,0.00580053816165799
"2556",4022,0.027738160548285,0.0275872261027836,0.00544140067394375,3,"NS3",4004,"g","a","syn","Q","Q",0,0,4004,"g","a","syn","Q","Q",0,0,4020,"g","a","syn","Q","Q",0,0,0.00721289850538192,0.00405571223764576,0.0156976308527387,-0.0116419186150929
"968",1570,0.0401760085195314,0.0399582112886483,0.0054210768791833,2,"HVR1",1570,"a","g","nonsyn","N","S",0,0,1570,"a","g","nonsyn","K","R",0,0,1568,"a","g","nonsyn","N","S",0,0,0.0054079343285131,0.0244250667100629,0.0115493196750702,0.0128757470349927
"2979",4619,0.0377036870847306,0.0374999114786093,0.00540465991199628,3,"NS3",4601,"t","c","syn","G","G",0,0,4601,"t","c","syn","G","G",0,0,4617,"t","c","syn","G","G",0,0,0.0216058548696427,0.0349932168691691,0.0216982953233322,0.0132949215458369
"3615",5492,0.0442535140888208,0.0440150878225233,0.00538773634606742,3,"NS4A",5474,"c","t","syn","C","C",0,0,5474,"c","t","syn","C","C",0,0,5490,"c","t","syn","C","C",0,0,0.00681134939345631,0.0511105560927186,0.0165946150981245,0.0345159409945941
"4159",6275,0.0311733907647049,0.0310067010248846,0.00534718026275888,3,"NS4B",6257,"c","t","syn","C","C",0,0,6257,"c","t","syn","C","C",0,0,6273,"c","t","syn","C","C",0,0,0.00528998015559151,0.0110929195357723,0.0243146073311305,-0.0132216877953582
"5606",8432,0.0126817218049486,0.0126141407805356,0.00532901016536958,3,"NS5B",8399,"t","c","syn","L","L",0,0,8396,"g","a","syn","L","L",0,0,8427,"g","a","nonsyn","M","I",0,0,0.0137160364926865,0.0120184094974297,0.00126587081773285,0.0107525386796968
"4188",6318,0.0192176915581927,0.0191153637078998,0.00532466919781073,1,"NS5A",6300,"g","a","nonsyn","V","M",0,0,6300,"g","a","nonsyn","V","M",0,0,6316,"g","a","nonsyn","V","M",0,0,0.00140163696400759,0.0122483503610125,0.00242878555824064,0.00981956480277186
"1905",3005,0.0221162890431363,0.021998823109273,0.00531128588680486,3,"NS2",2987,"g","a","syn","P","P",0,0,2987,"a","g","syn","P","P",0,1,3003,"a","g","syn","P","P",0,1,0.0096882411525159,0.0162965998585498,0.00336723108673827,0.0129293687718115
"4723",7094,0.0147003385811997,0.0146252336154284,0.00510906366927712,3,"NS5A",7076,"g","a","syn","E","E",0,0,7076,"g","a","syn","E","E",0,0,7092,"g","a","syn","E","E",0,0,0.00619597139459674,0.00125404297155983,0.00704837525260899,-0.00579433228104916
