"","merged.pos","DT","D.ave","Fst","codon","gene","org.pos.1A","ref.1A","transition.ref.1A","Type.1A","WTAA.1A","MUTAA.1A","bigAAChange.1A","makesCpG.1A","org.pos.1B","ref.1B","transition.ref.1B","Type.1B","WTAA.1B","MUTAA.1B","bigAAChange.1B","makesCpG.1B","org.pos.3A","ref.3A","transition.ref.3A","Type.3A","WTAA.3A","MUTAA.3A","bigAAChange.3A","makesCpG.3A","mean.1A","mean.1B","mean.3A"
"3003",4644,0.369942491075224,0.253688037,0.314250070970044,1,"NS3",4626,"a","g","nonsyn","S","G",1,1,4626,"a","g","nonsyn","S","G",1,1,4642,"a","g","nonsyn","T","A",1,0,0.00484851230629501,0.00313896337756178,0.0364134785690343
"1144",1830,0.399089484659562,0.281247511,0.295277069903472,1,"E2",1827,"a","g","nonsyn","I","V",0,1,1827,"a","g","nonsyn","I","V",0,0,1828,"a","g","nonsyn","I","V",0,1,0.00858209095617792,0.0040308109757545,0.0173724035082039
"665",1098,0.354129764361512,0.2513501105,0.290231616217918,1,"E1",1098,"c","t","nonsyn","L","F",0,0,1098,"g","a","nonsyn","V","I",0,0,1096,"g","a","nonsyn","A","T",1,0,0.00139473094836104,0.00435407326946059,0.00247748845083515
"1855",2922,0.394579055492147,0.284420656,0.279179540725368,1,"NS2",2904,"g","a","nonsyn","A","T",1,0,2904,"g","a","nonsyn","A","T",1,0,2920,"g","a","nonsyn","A","T",1,0,0.00161890939640627,0.00202229483049653,0.00300762273326698
"1111",1776,0.431882316050855,0.315527408,0.269413457616898,1,"E2",1776,"g","a","nonsyn","G","S",1,0,1776,"g","a","nonsyn","D","N",1,0,1774,"g","a","nonsyn","G","S",1,0,0.0046584730261256,0.00979843902864094,0.00885149981380161
"1705",2643,0.406570440543925,0.299238259,0.263994060661006,1,"NS1",2625,"a","g","nonsyn","T","A",1,0,2625,"a","g","nonsyn","T","A",1,0,2641,"a","g","nonsyn","T","A",1,0,0.0169953069897342,0.0176880276697379,0.00571858440605335
"1259",2001,0.337957174096189,0.24955513,0.261577652057855,1,"E2",1998,"a","g","nonsyn","T","A",1,0,1998,"a","g","nonsyn","T","A",1,0,1999,"a","g","nonsyn","T","A",1,1,0.00522571871947513,0.00402848558875881,0.00709398230480661
"1057",1686,0.423787696967175,0.313945048,0.259192632899116,1,"E2",1686,"t","c","nonsyn","S","P",1,0,1686,"t","c","nonsyn","S","P",1,0,1684,"t","c","nonsyn","S","P",1,0,0.00497602972984718,0.0060145053451347,0.00531250649506383
"954",1545,0.394696523324497,0.2970360845,0.247431717923206,1,"HVR1",1545,"c","t","nonsyn",NA,NA,0,0,1545,"c","t","nonsyn","L","F",0,0,1543,"c","t","nonsyn","L","F",0,0,0.0594992328605598,0.0278069438432833,0.00832609514846223
"4925",7422,0.373024176772899,0.2813130675,0.245858351773091,1,"NS5A",7404,"t","c","nonsyn","S","P",1,0,7404,"t","c","nonsyn","S","P",1,0,7420,"t","c","nonsyn","S","P",1,0,0.00803541259482097,0.00553633652453731,0.0446818917406374
"2783",4344,0.338193272365582,0.25933382,0.233178654956613,1,"NS3",4326,"a","g","nonsyn","I","V",0,1,4326,"a","g","nonsyn","I","V",0,1,4342,"a","g","nonsyn","I","V",0,0,0.00341728098747225,0.00814778525359572,0.00271414285619441
"4171",6295,0.430509197240649,0.332262113,0.228211348027787,2,"NS5A",6277,"a","g","nonsyn","D","G",1,0,6277,"a","g","nonsyn","D","G",1,0,6293,"a","g","nonsyn","D","G",1,0,0.00610726295966256,0.00529954913371884,0.0048282466648734
"1990",3145,0.490149047196894,0.379544947,0.225654014486871,2,"NS2",3127,"c","t","nonsyn","A","V",0,0,3127,"c","t","nonsyn","A","V",0,0,3143,"c","t","nonsyn","T","M",1,0,0.0303847909460328,0.014886567268883,0.0444213261954454
"5183",7839,0.358847699735273,0.2787468435,0.223216858556888,1,"NS5B",7806,"a","g","nonsyn","K","E",1,1,7803,"a","g","nonsyn","K","E",1,1,7834,"a","g","nonsyn","K","E",1,0,0.00505348359692179,0.00282237980015754,0.00159580697034004
"1384",2183,0.48016537978317,0.3733419305,0.222472201830562,3,"E2",2165,"g","a","nonsyn","M","I",0,0,2165,"g","a","nonsyn","M","I",0,0,2181,"g","a","nonsyn","M","I",0,0,0.0172778274209173,0.0223980056358794,0.00236949168280426
"2006",3168,0.351098659071905,0.2744295085,0.218369249186461,1,"NS2",3150,"g","a","nonsyn","A","T",1,0,3150,"g","a","nonsyn","A","T",1,0,3166,"g","a","nonsyn","V","I",0,0,0.00551643621482242,0.00317819926929462,0.0320917338104933
"4834",7266,0.452201736246762,0.356681096,0.211234572073021,1,"NS5A",7248,"a","g","nonsyn","K","E",1,0,7248,"g","a","nonsyn","D","N",1,0,7264,"g","a","nonsyn","A","T",1,0,0.00451009224610059,0.0349685844861914,0.00323211554051033
"1989",3142,0.421015179253546,0.3336582055,0.207491268862155,2,"NS2",3124,"t","c","nonsyn","I","T",1,0,3124,"t","c","nonsyn","V","A",0,0,3140,"t","c","nonsyn","V","A",0,1,0.0030317963711683,0.0398294938856136,0.00472364123900716
"368",684,0.30626805135566,0.242869734,0.207002712411676,1,"Core",684,"a","g","nonsyn","R","G",1,0,684,"a","g","nonsyn","R","G",1,0,682,"a","g","nonsyn","R","G",1,0,0.00858676250488304,0.00844345220099915,0.00444454575359044
"5682",8545,0.291446789316934,0.231400172,0.206029434936187,2,"NS5B",8512,"g","a","nonsyn","R","Q",1,0,8509,"g","a","nonsyn","R","Q",1,0,8540,"g","a","nonsyn","R","K",0,0,0.00199917230612137,0.00177039886488831,0.0183591478845835
"4318",6508,0.378688319489247,0.3051736345,0.194129792776285,2,"NS5A",6490,"g","a","nonsyn","R","K",0,0,6490,"g","a","nonsyn","R","K",0,0,6506,"g","a","nonsyn","R","H",0,0,0.0293151492511226,0.00857506839100821,0.00222349412288927
"4170",6294,0.330858927040365,0.2673784895,0.191865572763041,1,"NS5A",6276,"g","a","nonsyn","D","N",1,0,6276,"g","a","nonsyn","D","N",1,0,6292,"g","a","nonsyn","D","N",1,0,0.00226941227816691,0.00141096575962722,0.0037723450893239
"1309",2068,0.356157088730163,0.288263958,0.19062692524871,2,"E2",2065,"g","a","nonsyn","G","D",1,0,2065,"g","a","nonsyn","G","D",1,0,2066,"g","a","nonsyn","G","E",1,0,0.00450046472833501,0.00268745443911309,0.0101540989399559
"1143",1827,0.430132649056477,0.3489739715,0.188682904528414,1,"E2",1824,"g","a","nonsyn","G","S",1,0,1824,"g","a","nonsyn","G","S",1,0,1825,"g","a","nonsyn","D","N",1,0,0.0035332441838935,0.00268759980360136,0.0326527769376286
"2037",3229,0.399889628738395,0.3255904455,0.185799225333251,2,"NS2",3211,"g","a","nonsyn","R","Q",1,0,3211,"a","g","nonsyn","Q","R",1,1,3227,"a","g","nonsyn","Q","R",1,1,0.00838523968618688,0.0547861832978339,0.00501754573353524
"658",1087,0.265952472631139,0.2175140925,0.182131715685608,2,"E1",1087,"g","a","nonsyn","R","K",0,0,1087,"g","a","nonsyn","R","K",0,0,1085,"g","a","nonsyn","R","K",0,0,0.00878089247503606,0.0012367256593187,0.0367351002586846
"5065",7665,0.286831812284241,0.2368290415,0.174327841762161,1,"NS5B",7632,"g","a","nonsyn","V","I",0,0,7629,"a","g","nonsyn","I","V",0,0,7660,"a","g","nonsyn","I","V",0,0,0.0247495436752935,0.00363803173962831,0.00396120608077312
"4954",7506,0.435983810505658,0.360798449,0.172449893078501,1,"NS5A",NA,NA,NA,NA,NA,NA,NA,NA,7473,"g","a","nonsyn","A","T",1,0,7504,"g","a","nonsyn","E","K",1,0,NA,0.0219113991413869,0.00140018012506745
"5574",8383,0.277046574811006,0.2304418195,0.168219929601362,2,"NS5B",8350,"g","a","nonsyn","R","H",0,0,8347,"g","a","nonsyn","R","K",0,0,8378,"g","a","nonsyn","R","K",0,0,0.00227856704428331,0.00287558960487724,0.0175965280883904
"1078",1722,0.265268645655778,0.220900389,0.167257824783981,1,"E2",1722,"c","t","nonsyn","R","C",1,0,1722,"c","t","nonsyn","P","S",1,0,1720,"c","t","nonsyn","P","S",1,0,0.0047128656653795,0.0199888914781228,0.00268203175090563
"1946",3072,0.29171417341721,0.2431118155,0.166609518309893,1,"NS2",3054,"a","g","nonsyn","S","G",1,1,3054,"g","a","nonsyn","G","S",1,0,3070,"g","a","nonsyn","A","T",1,0,0.00506984748664999,0.00278268809158569,0.0173265131616297
"931",1504,0.250338760369947,0.2093227335,0.163842094645408,2,"HVR1",1504,"c","t","nonsyn","T","I",1,0,1504,"c","t","nonsyn","T","M",1,0,1502,"c","t","nonsyn","T","I",1,0,0.00399091711786359,0.00219389021834248,0.0422134005344325
"1308",2067,0.265851929097112,0.222450617,0.163253703836236,1,"E2",2064,"g","a","nonsyn","G","S",1,0,2064,"g","a","nonsyn","G","S",1,0,2065,"g","a","nonsyn","G","R",1,0,0.00371426613110193,0.00686714843638329,0.00181235775012774
"1887",2977,0.287708532563892,0.2413735135,0.161048470307714,2,"NS2",2959,"t","c","nonsyn","V","A",0,0,2959,"t","c","nonsyn","I","T",1,0,2975,"t","c","nonsyn","V","A",0,0,0.00828397798152841,0.00558997160927769,0.0315087295505273
"578",963,0.301636858700015,0.253268497,0.160352955233891,1,"E1",963,"c","t","nonsyn","P","S",1,0,963,"t","c","nonsyn","S","P",1,0,961,"t","c","nonsyn","S","P",1,0,0.00334868780525738,0.0052891842344367,0.00495762432593298
"1150",1837,0.349118386735454,0.2948788075,0.155361565864918,2,"E2",1834,"c","t","nonsyn","P","L",1,0,1834,"c","t","nonsyn","P","L",1,0,1835,"c","t","nonsyn","P","L",1,0,0.00381102962100543,0.00202429312254001,0.0330142601561029
"1310",2073,0.523776689934694,0.442736551,0.15472269097122,1,"E2",2070,"a","g","nonsyn","N","D",1,1,2070,"a","g","nonsyn","N","D",1,1,2071,"a","g","nonsyn","N","D",1,0,0.0152273395671061,0.0188857049922821,0.00719315966024377
"3001",4641,0.555182496639465,0.4696008345,0.154150504847493,1,"NS3",4623,"a","g","nonsyn","T","A",1,0,4623,"a","g","nonsyn","T","A",1,0,4639,"a","g","nonsyn","T","A",1,0,0.0134422333042799,0.0166896604359466,0.00293740881470934
"5675",8532,0.240573635289733,0.2045481035,0.149748461614865,1,"NS5B",8499,"c","t","nonsyn","R","W",1,0,8496,"a","g","nonsyn","T","A",1,1,8527,"a","g","nonsyn","T","A",1,1,0.00171121370887945,0.00366589188581893,0.00443885749107246
"3471",5292,0.271457548363287,0.2309957955,0.149053703266846,1,"NS3",5274,"a","g","nonsyn","I","V",0,1,5274,"a","g","nonsyn","I","V",0,1,5290,"a","g","nonsyn","I","V",0,1,0.00426501476497927,0.0044248824784396,0.00883255844186145
"3151",4866,0.305055898504528,0.2605617465,0.145855734056123,1,"NS3",4848,"g","a","nonsyn","A","T",1,0,4848,"a","g","nonsyn","T","A",1,0,4864,"a","g","nonsyn","T","A",1,1,0.012041096660225,0.0122365278458029,0.0200872559244233
"3701",5635,0.374957567491667,0.3224848915,0.139942970994533,2,"NS4B",5617,"t","c","nonsyn","V","A",0,0,5617,"c","t","nonsyn","A","V",0,0,5633,"c","t","nonsyn","A","V",0,0,0.0101850844057354,0.0182482387796066,0.0086427696237329
"1970",3108,0.234244302747228,0.201480807,0.139868911913657,1,"NS2",3090,"g","a","nonsyn","G","S",1,0,3090,"g","a","nonsyn","G","R",1,0,3106,"g","a","nonsyn","V","I",0,0,0.00168807187713845,0.00152696019874769,0.00383772361754712
"1951",3079,0.292613438437728,0.2519113585,0.139098464359797,2,"NS2",3061,"t","c","nonsyn","L","P",1,0,3061,"c","t","nonsyn","T","I",1,0,3077,"c","t","nonsyn","T","I",1,0,0.00584008107702667,0.0308771529933284,0.00135036611309642
"4331",6528,0.304879150942405,0.2634992415,0.135725612310637,1,"NS5A",6510,"a","g","nonsyn","S","G",1,0,6510,"c","t","nonsyn","H","Y",1,0,6526,"c","t","nonsyn","H","Y",1,0,0.00841657557819361,0.0109618486483198,0.0040084268744751
"563",940,0.233936930898987,0.202248207,0.135458406576558,2,"E1",940,"t","c","nonsyn","L","P",1,0,940,"t","c","nonsyn","V","A",0,1,938,"t","c","nonsyn","L","P",1,0,0.00586103572475952,0.0201280024571351,0.00523976163829936
"1799",2823,0.258276878725085,0.223425615,0.134937606095904,1,"NS2",2805,"g","a","nonsyn","V","I",0,0,2805,"g","a","nonsyn","V","I",0,0,2821,"g","a","nonsyn","V","I",0,0,0.00301828193475712,0.00149649746217068,0.0108932694346187
"1200",1914,0.220190451549812,0.1908463565,0.133266882570399,1,"E2",1911,"g","a","nonsyn","A","T",1,0,1911,"g","a","nonsyn","V","I",0,0,1912,"g","a","nonsyn","A","T",1,0,0.00410170964308617,0.00379331420717667,0.00504938358891329
"1733",2688,0.243593004230932,0.211485528,0.131807874911273,1,"NS1",2670,"t","c","nonsyn","Y","H",1,0,2670,"t","c","nonsyn","Y","H",1,0,2686,"t","c","nonsyn","Y","H",1,0,0.00788808632752226,0.00822055502256335,0.00475559130355005
"5239",7927,0.366401603672797,0.3183567795,0.131126129610781,2,"NS5B",7894,"a","g","nonsyn","K","R",0,0,7891,"g","a","nonsyn","R","K",0,0,7922,"g","a","nonsyn","R","Q",1,0,0.0106096737164223,0.00609395853668139,0.00224293476338171
"3571",5431,0.378149893034815,0.3304707785,0.126085225496614,2,"NS4A",5413,"a","g","nonsyn","K","R",0,0,5413,"a","g","nonsyn","K","R",0,0,5429,"a","g","nonsyn","K","R",0,0,0.0078044491107362,0.0154491532728235,0.00636959074875927
"1829",2877,0.247428173785762,0.21623982,0.126050131270688,1,"NS2",2859,"a","g","nonsyn","S","G",1,1,2859,"g","a","nonsyn","A","T",1,0,2875,"g","a","nonsyn","G","S",1,0,0.0120431215640325,0.00286126387478434,0.0130478096862021
"1098",1752,0.215418343571277,0.188549014,0.124730926465353,1,"E2",1752,"c","t","nonsyn","P","S",1,0,1752,"c","t","nonsyn","P","S",1,0,1750,"c","t","nonsyn","P","S",1,0,0.00380086324200429,0.00388784854363331,0.0215630415084856
"1217",1936,0.301028568993838,0.2637881565,0.123710558829386,2,"E2",1933,"c","t","nonsyn","A","V",0,0,1933,"a","g","nonsyn","E","G",1,0,1934,"a","g","nonsyn","E","G",1,0,0.019551610685207,0.0194207033179468,0.0124711461843266
"3036",4690,0.344282925393646,0.301785751,0.123436776148732,2,"NS3",4672,"t","c","nonsyn","F","S",1,0,4672,"t","c","nonsyn","F","S",1,0,4688,"t","c","nonsyn","F","S",1,0,0.00250734599560577,0.00351898768980369,0.00283107131607209
"3449",5263,0.224611449723315,0.1974284645,0.121022259803764,2,"NS3",5245,"t","c","nonsyn","V","A",0,0,5245,"t","c","nonsyn","V","A",0,0,5261,"t","c","nonsyn","I","T",1,0,0.00941111886114082,0.0055251072331656,0.0193277133459597
"2619",4108,0.289769636908369,0.254808559,0.12065128107064,2,"NS3",4090,"a","g","nonsyn","K","R",0,0,4090,"a","g","nonsyn","K","R",0,0,4106,"a","g","nonsyn","N","S",0,0,0.00552431148402557,0.00468860660376627,0.00515295854035081
"629",1035,0.196178171512194,0.1728743905,0.118788858273896,1,"E1",1035,"g","a","nonsyn","E","K",1,0,1035,"g","a","nonsyn","E","K",1,0,1033,"g","a","nonsyn","D","N",1,0,0.00238556394233233,0.00109407457464392,0.00385714912123672
"1434",2244,0.195370927500486,0.17244429,0.117349279106171,1,"E2",2226,"g","a","nonsyn","V","I",0,0,2226,"g","a","nonsyn","V","I",0,0,2242,"g","a","nonsyn","V","M",0,0,0.0189187878482293,0.00237825089102329,0.00121134673276984
"3439",5250,0.254607930712199,0.225491253,0.114358879673358,1,"NS3",5232,"g","a","nonsyn","V","I",0,0,5232,"g","a","nonsyn","V","I",0,0,5248,"g","a","nonsyn","V","I",0,0,0.0023413813646367,0.00341770983351335,0.0286988193299725
"597",987,0.192079203604295,0.1703187015,0.113289214532168,1,"E1",987,"g","a","nonsyn","A","T",1,0,987,"g","a","nonsyn","A","T",1,0,985,"g","a","nonsyn","A","T",1,0,0.00724588770299187,0.00343374504675097,0.00261020229089395
"947",1531,0.519457503564469,0.462327544,0.109980044897703,2,"HVR1",1531,"c","t","nonsyn",NA,NA,0,0,1531,"g","a","nonsyn","R","H",0,0,1529,"g","a","nonsyn","S","N",0,0,0.0123047803693492,0.0382402604350955,0.0415393496503596
"5476",8250,0.213899468171006,0.190426203,0.109739707965238,1,"NS5B",8217,"c","t","stop","Q","*",1,0,8214,"a","g","nonsyn","N","D",1,0,8245,"a","g","nonsyn","K","E",1,0,0.00293571306026648,0.00465107562899582,0.0107594510921431
"5255",7951,0.21804051858099,0.194362697,0.108593676694064,2,"NS5B",7918,"a","g","nonsyn","K","R",0,0,7915,"a","g","nonsyn","K","R",0,0,7946,"a","g","nonsyn","K","R",0,0,0.00807760439159405,0.00644921441549691,0.0229157871354685
"2508",3933,0.268260624991485,0.2391651475,0.108459739450799,1,"NS3",3915,"g","a","nonsyn","A","T",1,0,3915,"g","a","nonsyn","A","T",1,0,3931,"g","a","nonsyn","A","T",1,0,0.00135385196268236,0.00133318597908395,0.00154259894382681
"1697",2628,0.217372485994025,0.193999381,0.107525590863728,1,"NS1",2610,"g","a","nonsyn","A","T",1,0,2610,"g","a","nonsyn","A","T",1,0,2626,"g","a","nonsyn","V","I",0,0,0.00366182738019754,0.00198833732364452,0.0163600993873837
"3595",5467,0.274729974850026,0.2453144015,0.107070855177284,2,"NS4A",5449,"a","g","nonsyn","Q","R",1,1,5449,"a","g","nonsyn","Q","R",1,1,5465,"a","g","nonsyn","Q","R",1,1,0.0234852612304668,0.0315409060765233,0.00530575319379953
"4287",6465,0.411404570965363,0.367383263,0.107002476569637,1,"NS5A",6447,"a","g","nonsyn","T","A",1,1,6447,"a","g","nonsyn","T","A",1,1,6463,"a","g","nonsyn","T","A",1,0,0.0116494976644383,0.00454040425007856,0.00413862713418228
"4186",6316,0.22082868029048,0.197551933,0.105406359626211,2,"NS5A",6298,"a","g","nonsyn","E","G",1,0,6298,"c","t","nonsyn","T","M",1,0,6314,"c","t","nonsyn","S","L",1,0,0.00542117145960212,0.00555263245883179,0.00363248802222334
"748",1231,0.255580984853984,0.2289831525,0.104068119031545,2,"E1",1231,"g","a","nonsyn","R","H",0,0,1231,"g","a","nonsyn","R","Q",1,0,1229,"g","a","nonsyn","R","H",0,0,0.0184166263203837,0.0113827205600347,0.00344367831665685
"1042",1665,0.269989086508552,0.2420488765,0.10348644224798,1,"E2",1665,"t","c","nonsyn","F","L",0,0,1665,"t","c","nonsyn","F","L",0,0,1663,"t","c","nonsyn","F","L",0,0,0.0345908694522107,0.00741851203144338,0.0312739156377971
"1067",1699,0.194139100862376,0.174090276,0.10327041164463,2,"E2",1699,"c","t","nonsyn","P","L",1,0,1699,"c","t","nonsyn","P","L",1,0,1697,"c","t","nonsyn","P","L",1,0,0.0115752414034965,0.00949143679142884,0.00267706964278457
"1047",1675,0.174195997482245,0.1568145485,0.0997809894226567,2,"E2",1675,"a","g","nonsyn","H","R",0,1,1675,"a","g","nonsyn","H","R",0,1,1673,"a","g","nonsyn","H","R",0,1,0.0250195022362202,0.0347391235435681,0.00266422532055748
"1132",1812,0.279148060073851,0.251558396,0.0988352348447341,1,"E2",1809,"c","t","nonsyn","P","S",1,0,1809,"g","a","nonsyn","A","T",1,0,1810,"g","a","nonsyn","A","T",1,0,0.0104709272761353,0.00279799090834267,0.00317244629449637
"3712",5649,0.183335451428354,0.165298077,0.0983845420393386,1,"NS4B",5631,"c","t","nonsyn","H","Y",1,0,5631,"c","t","nonsyn","H","Y",1,0,5647,"c","t","nonsyn","H","Y",1,0,0.00249007866401409,0.00226321417831803,0.00246922015950153
"2202",3477,0.205199883865075,0.1850648515,0.0981239949351745,1,"NS3",3459,"c","t","syn","L","L",0,0,3459,"c","t","nonsyn","L","F",0,0,3475,"c","t","nonsyn","L","F",0,0,0.0231810965105855,0.00346863346895468,0.0262677853748439
"1804",2830,0.174277575758273,0.157380121,0.0969571368247062,2,"NS2",2812,"t","c","nonsyn","V","A",0,0,2812,"t","c","nonsyn","V","A",0,0,2828,"t","c","nonsyn","V","A",0,0,0.0138543851439431,0.00390710404952347,0.0272550777191319
"3339",5113,0.208714758828837,0.188550263,0.0966126973578017,2,"NS3",5095,"a","g","nonsyn","Y","C",1,0,5095,"a","g","nonsyn","Y","C",1,0,5111,"a","g","nonsyn","Y","C",1,0,0.00230223574764102,0.00213640198953719,0.00318432899940087
"1260",2002,0.173162360189034,0.156438678,0.0965780448521114,2,"E2",1999,"c","t","nonsyn","T","I",1,0,1999,"c","t","nonsyn","T","I",1,0,2000,"c","t","nonsyn","T","M",1,0,0.00298856026603096,0.00376446706403856,0.00312183787693665
"4905",7384,0.195018444136424,0.1762932715,0.0960174445004027,2,"NS5A",7366,"c","t","nonsyn","T","I",1,0,7366,"c","t","nonsyn","S","F",1,0,7382,"c","t","nonsyn","A","V",0,0,0.00334608667453463,0.00083343196196178,0.00360040752085732
"1147",1833,0.383219658187588,0.346443121,0.0959672511622191,1,"E2",1830,"g","a","nonsyn","V","M",0,0,1830,"g","a","nonsyn","V","I",0,0,1831,"g","a","nonsyn","V","I",0,0,0.00285723377372487,0.0500596864107205,0.00293472046522343
"1225",1944,0.194888565748148,0.1768405715,0.0926067374905472,1,"E2",1941,"a","g","nonsyn","T","A",1,0,1941,"a","g","nonsyn","T","A",1,0,1942,"a","g","nonsyn","T","A",1,0,0.00765074472967474,0.0092378341533779,0.00537392252594338
"1109",1774,0.515505519512565,0.467885676,0.0923750410230172,2,"E2",1774,"g","a","nonsyn","S","N",0,0,1774,"c","t","nonsyn","P","L",1,0,1772,"c","t","nonsyn","T","I",1,0,0.00498223066064339,0.0100905855884029,0.00139095098111306
"733",1207,0.168576212491251,0.153036463,0.0921823385494408,2,"E1",1207,"a","g","nonsyn","Q","R",1,1,1207,"a","g","nonsyn","Q","R",1,1,1205,"a","g","nonsyn","Q","R",1,1,0.00410947224239719,0.0035713094846537,0.154357542632886
"1830",2881,0.31411441411141,0.285233019,0.0919454625892027,2,"NS2",2863,"g","a","stop","W","*",1,0,2863,"g","a","nonsyn","R","K",0,0,2879,"g","a","nonsyn","R","H",0,0,0.00206841865735049,0.0103254114350572,0.00245938339506399
"4474",6732,0.252002379780251,0.228960612,0.0914347229591389,1,"NS5A",6714,"t","c","syn","L","L",0,0,6714,"g","a","nonsyn","V","M",0,0,6730,"g","a","nonsyn","V","M",0,0,0.0316490205861035,0.00840812735685718,0.00152318979401717
"4391",6609,0.253817353333595,0.230791869,0.0907167458457119,1,"NS5A",6591,"a","g","nonsyn","R","G",1,0,6591,"c","t","nonsyn","R","W",1,0,6607,"c","t","nonsyn","R","C",1,0,0.00507169981402565,0.00424149888636649,0.0033896878611726
"4887",7351,0.359992971808372,0.32761665,0.0899359830435974,2,"NS5A",7333,"g","a","nonsyn","R","H",0,0,7333,"g","a","nonsyn","R","K",0,0,7349,"g","a","nonsyn","R","K",0,0,0.00242217960824591,0.00628592589922526,0.003951244064306
"5733",8634,0.160444907489905,0.146253758,0.0884487374010165,1,"NS5B",8601,"g","a","nonsyn","A","T",1,0,8598,"g","a","nonsyn","A","T",1,0,8629,"g","a","nonsyn","A","T",1,0,NA,NA,NA
"1069",1705,0.182782334547205,0.16663471,0.0883434637554361,2,"E2",1705,"g","a","nonsyn","R","K",0,0,1705,"g","a","nonsyn","R","H",0,0,1703,"g","a","nonsyn","R","K",0,0,0.00124623782446665,0.00282220753265606,0.00105502124713805
"3475",5296,0.208895519164957,0.1906928825,0.0871375161024065,2,"NS3",5278,"t","c","nonsyn","M","T",1,1,5278,"t","c","nonsyn","M","T",1,1,5294,"t","c","nonsyn","M","T",1,1,0.00512194314636314,0.00337357223940415,0.00373863951661346
"1105",1764,0.346834216922891,0.317038597,0.0859073830351498,1,"E2",1764,"g","a","nonsyn","A","T",1,0,1764,"g","a","nonsyn","A","T",1,0,1762,"g","a","nonsyn","A","T",1,0,0.0237092219725359,0.0403982513258959,0.0166825517442757
"4093",6171,0.198588643687327,0.181537312,0.0858625718506539,1,"NS4B",6153,"a","g","nonsyn","S","G",1,0,6153,"a","g","nonsyn","S","G",1,0,6169,"a","g","nonsyn","S","G",1,0,0.00608433387061485,0.00602649471755811,0.00537033213723338
"3923",5953,0.178606797342178,0.1633550435,0.0853929081599196,2,"NS4B",5935,"c","t","nonsyn","A","V",0,0,5935,"c","t","nonsyn","A","V",0,0,5951,"c","t","nonsyn","A","V",0,0,0.0025270589047588,0.0030349169396918,0.00272446016814013
"1112",1785,0.261111524570062,0.2388182055,0.0853785335854841,1,"E2",1782,"g","a","nonsyn","D","N",1,0,1782,"g","a","nonsyn","D","N",1,0,1783,"g","a","nonsyn","D","N",1,0,0.00620203294584839,0.00229734270375373,0.00336328686890765
"4518",6795,0.297437450552984,0.2720596615,0.0853214314666919,1,"NS5A",6777,"t","c","nonsyn","S","P",1,0,6777,"a","g","nonsyn","T","A",1,1,6793,"a","g","nonsyn","T","A",1,1,0.00479217647029668,0.0123552942329715,0.00407197017523677
"2618",4107,0.226209680907149,0.2069432255,0.0851707819483517,1,"NS3",4089,"a","g","nonsyn","K","E",1,1,4089,"a","g","nonsyn","K","E",1,1,4105,"a","g","nonsyn","N","D",1,0,0.00468391213318574,0.00500757619135092,0.00382664950572061
"3806",5773,0.275158938342908,0.2523222945,0.0829943740168403,2,"NS4B",5755,"a","g","nonsyn","Q","R",1,1,5755,"a","g","nonsyn","H","R",0,1,5771,"a","g","nonsyn","Q","R",1,1,0.00318181640941881,0.00514257842327219,0.00205453078103055
"3650",5553,0.185690206262666,0.1703054925,0.082851508823808,1,"NS4B",5535,"g","a","nonsyn","A","T",1,0,5535,"g","a","nonsyn","A","T",1,0,5551,"g","a","nonsyn","V","I",0,0,0.00191316542645151,0.00171687608312902,0.0122463697888596
"2140",3382,0.172055198276201,0.157912351,0.0821994767835927,2,"NS2",3364,"a","g","nonsyn","Q","R",1,1,3364,"g","a","nonsyn","R","K",0,0,3380,"g","a","nonsyn","R","H",0,0,0.020548183420062,0.00448849786151301,0.00592087273979445
"5676",8533,0.272815137100341,0.250559696,0.0815770024232764,2,"NS5B",8500,"g","a","nonsyn","R","Q",1,0,8497,"c","t","nonsyn","T","I",1,0,8528,"c","t","nonsyn","T","I",1,0,0.0239558081242107,0.00136715350837274,0.00164683520466468
"724",1194,0.159056759965964,0.1461241665,0.0813080404047673,1,"E1",1194,"t","c","nonsyn","F","L",0,0,1194,"t","c","nonsyn","F","L",0,0,1192,"t","c","nonsyn","F","L",0,0,0.00692128135522578,0.00391606077851209,0.00583469121382916
"3486",5307,0.185302310911275,0.1702458705,0.0812533871662519,1,"NS3",5289,"t","c","nonsyn","S","P",1,0,5289,"t","c","nonsyn","S","P",1,0,5305,"t","c","nonsyn","S","P",1,0,0.00373717987111996,0.0036983576791103,0.00473118864165945
"1606",2497,0.246773223795031,0.2268311695,0.0808112565388975,2,"E2",2479,"c","t","nonsyn","A","V",0,0,2479,"c","t","nonsyn","A","V",0,0,2495,"c","t","nonsyn","A","V",0,0,0.00239795377593617,0.00789992043029954,0.00627993717103826
"1524",2379,0.239871584011542,0.2204992725,0.0807611772414436,1,"E2",2361,"g","a","nonsyn","V","I",0,0,2361,"a","g","nonsyn","I","V",0,0,2377,"a","g","nonsyn","I","V",0,0,0.0121361838271372,0.0215648450327744,0.00633619541058361
"2046",3244,0.425659005353364,0.3913267915,0.0806566134431077,2,"NS2",3226,"a","g","nonsyn","N","S",0,0,3226,"c","t","nonsyn","A","V",0,0,3242,"c","t","nonsyn","A","V",0,0,0.00840268138297992,0.00710534138899479,0.00316531968247444
"1154",1843,0.241372400058004,0.221919238,0.0805939786542671,2,"E2",1840,"a","g","nonsyn","K","R",0,0,1840,"c","t","nonsyn","S","L",1,0,1841,"c","t","nonsyn","S","L",1,0,0.0492427013719451,0.0194978962579791,0.0287903879826538
"2010",3177,0.200804091442437,0.1846456605,0.0804686340122159,1,"NS2",3159,"a","g","nonsyn","K","E",1,1,3159,"a","g","nonsyn","K","E",1,0,3175,"a","g","nonsyn","S","G",1,0,0.00345100979076601,0.00482601150354179,0.0090754685705477
"4162",6280,0.147168542905754,0.1354756845,0.079452158558382,2,"NS5A",6262,"g","a","nonsyn","G","D",1,0,6262,"g","a","nonsyn","G","D",1,0,6278,"g","a","nonsyn","G","D",1,0,0.0241247391212976,0.00263985994451686,0.00200896095416713
"4415",6645,0.140638888951251,0.129548028,0.0788605558103874,1,"NS5A",6627,"g","a","nonsyn","V","M",0,0,6627,"g","a","nonsyn","V","M",0,0,6643,"g","a","nonsyn","V","M",0,0,0.00144615429080445,0.00146696145943402,0.0023728335562207
"952",1540,0.20491336490026,0.188756441,0.0788475847250093,2,"HVR1",1540,"t","c","nonsyn",NA,NA,0,0,1540,"c","t","nonsyn","A","V",0,0,1538,"c","t","nonsyn","T","I",1,0,0.0266769833198108,0.0220353548748088,0.0144545579056285
"4320",6511,0.184231093350905,0.1699200825,0.0776796717134324,2,"NS5A",6493,"c","t","nonsyn","T","I",1,0,6493,"c","t","nonsyn","T","I",1,0,6509,"c","t","nonsyn","T","I",1,0,0.00335091536839689,0.00127130685227475,0.0171975385576345
"2106",3330,0.159813310719941,0.147456669,0.0773192274427938,1,"NS2",3312,"g","a","nonsyn","A","T",1,0,3312,"g","a","nonsyn","A","T",1,0,3328,"g","a","nonsyn","A","T",1,0,0.00342293616511215,0.00259769945332922,0.0176137063104379
"4717",7086,0.187321369926882,0.1728920275,0.0770298788254338,1,"NS5A",7068,"a","g","nonsyn","R","G",1,1,7068,"c","t","nonsyn","R","C",1,0,7084,"c","t","nonsyn","R","W",1,0,0.00318111120244464,0.00193758210500261,0.00238642155877023
"134",405,0.2055788976876,0.190037263,0.0755993677484214,1,"Core",405,"g","a","nonsyn","V","I",0,0,405,"g","a","nonsyn","V","I",0,0,403,"g","a","nonsyn","V","I",0,0,0.00259603046107265,0.00300541238630063,0.0126898795983443
"4530",6813,0.347304312734416,0.321164368,0.0752652465747098,1,"NS5A",6795,"c","t","nonsyn","H","Y",1,0,6795,"a","g","nonsyn","N","D",1,1,6811,"a","g","nonsyn","N","D",1,0,0.00409611068602244,0.00312651903333716,0.0196026495471497
"4600",6912,0.406058466166041,0.3755395525,0.075158914808986,1,"NS5A",6894,"g","a","nonsyn","A","T",1,0,6894,"a","g","nonsyn","T","A",1,0,6910,"a","g","nonsyn","T","A",1,0,0.00597388950085188,0.0156548027714534,0.00593035139923461
"1344",2133,0.185082140947299,0.17128108,0.0745672212168151,1,"E2",2115,"g","a","nonsyn","A","T",1,0,2115,"g","a","nonsyn","A","T",1,0,2131,"g","a","nonsyn","A","T",1,0,0.00202605482229537,0.00262055083226968,0.00398523161742931
"4268",6432,0.159690268273645,0.1478312225,0.0742627957348243,1,"NS5A",6414,"a","g","nonsyn","M","V",0,0,6414,"a","g","nonsyn","M","V",0,1,6430,"a","g","nonsyn","M","V",0,0,0.00593938705909549,0.00399031688789101,0.00564286932449011
"5200",7863,0.155331828560268,0.143885393,0.0736902131801459,1,"NS5B",7830,"a","g","nonsyn","K","E",1,0,7827,"a","g","nonsyn","T","A",1,1,7858,"a","g","nonsyn","R","G",1,0,0.00282701794843905,0.00903636377255328,0.00293909324202407
"1017",1629,0.1665305491817,0.154411694,0.0727725648011717,1,"E2",1629,"a","g","nonsyn","N","D",1,1,1629,"a","g","nonsyn","N","D",1,1,1627,"a","g","nonsyn","N","D",1,1,0.00538067108881616,0.00477917822785565,0.0151164997587592
"4785",7198,0.298776363234977,0.277048728,0.072722068773188,2,"NS5A",7180,"g","a","nonsyn","R","K",0,0,7180,"a","g","nonsyn","K","R",0,0,7196,"a","g","nonsyn","K","R",0,0,0.023689587903848,0.0203689923493455,0.00269891705571134
"4106",6187,0.172597448143096,0.160076222,0.0725458358614606,2,"NS4B",6169,"g","a","nonsyn","R","H",0,0,6169,"g","a","nonsyn","R","H",0,0,6185,"g","a","nonsyn","R","K",0,0,0.00216576216723771,0.00182367019371179,0.0187860797617946
"4205",6337,0.188807688338103,0.175134128,0.0724205696201173,2,"NS5A",6319,"c","t","nonsyn","T","I",1,0,6319,"c","t","nonsyn","T","I",1,0,6335,"c","t","nonsyn","T","I",1,0,0.0019087079734503,0.000822297990100065,0.00133195035477804
"207",486,0.149609853333839,0.138837644,0.072002004505692,1,"Core",486,"a","g","nonsyn","T","A",1,0,486,"a","g","nonsyn","T","A",1,0,484,"a","g","nonsyn","T","A",1,0,0.00560653869643819,0.00395083962066318,0.00573965674394488
"201",480,0.134957980822216,0.1252777,0.071728109469629,1,"Core",480,"c","t","nonsyn","R","C",1,0,480,"c","t","nonsyn","R","C",1,0,478,"c","t","nonsyn","R","C",1,0,0.00321480683420584,0.00265057670221691,0.00417658033922821
"3992",6045,0.152710943481431,0.1420251225,0.0699741664730816,1,"NS4B",6027,"g","a","nonsyn","V","M",0,0,6027,"g","a","nonsyn","V","I",0,0,6043,"g","a","nonsyn","V","M",0,0,0.00203552876248005,0.00137910391775182,0.00200208110114647
"4376",6586,0.131720198744812,0.1225157195,0.0698790263947619,2,"NS5A",6568,"c","t","nonsyn","P","L",1,0,6568,"c","t","nonsyn","P","L",1,0,6584,"c","t","nonsyn","P","L",1,0,0.00182247991196333,0.00193159316917554,0.00206527094831541
"3694",5628,0.162790595705205,0.151496215,0.0693798106474025,1,"NS4B",5610,"c","t","nonsyn","L","F",0,0,5610,"c","t","nonsyn","L","F",0,0,5626,"c","t","nonsyn","L","F",0,0,0.00136458615611634,0.00251902362276614,0.00261435395539196
"1223",1942,0.181105590326927,0.168647141,0.0687910809624227,2,"E2",1939,"a","g","nonsyn","D","G",1,0,1939,"a","g","nonsyn","E","G",1,0,1940,"a","g","nonsyn","E","G",1,0,0.00562788494996507,0.00539328832492596,0.00624653254588149
"5204",7870,0.158159773971497,0.1472850715,0.0687577011424965,2,"NS5B",7837,"a","g","nonsyn","K","R",0,0,7834,"a","g","nonsyn","K","R",0,0,7865,"a","g","nonsyn","K","R",0,0,0.00711426399605661,0.00568827131355043,0.0395326482097629
"3160",4879,0.174709133031213,0.162720421,0.0686209806162287,2,"NS3",4861,"g","a","nonsyn","R","H",0,0,4861,"g","a","nonsyn","R","Q",1,0,4877,"g","a","nonsyn","R","K",0,0,0.00299039461679846,0.0032539950697652,0.00542189086776353
"1417",2223,0.249300414970667,0.232300208,0.0681916513162132,1,"E2",2205,"a","g","nonsyn","I","V",0,1,2205,"g","a","nonsyn","V","I",0,0,2221,"g","a","nonsyn","V","I",0,0,0.035334712870873,0.00242693338920149,0.0128574493964572
"2401",3777,0.157268265206778,0.146624706,0.0676777301052043,1,"NS3",3759,"a","g","nonsyn","I","V",0,1,3759,"a","g","nonsyn","I","V",0,1,3775,"a","g","nonsyn","I","V",0,1,0.0051221090449194,0.00485065592169,0.00669574796924814
"1311",2074,0.334878062412039,0.3124366095,0.0670138042199571,2,"E2",2071,"a","g","nonsyn","N","S",0,0,2071,"a","g","nonsyn","N","S",0,0,2072,"a","g","nonsyn","N","S",0,0,0.00683355090839741,0.030849298431335,0.017504527608491
"630",1036,0.185541997030622,0.1731410475,0.0668363482612259,2,"E1",1036,"a","g","nonsyn","E","G",1,0,1036,"a","g","nonsyn","E","G",1,0,1034,"a","g","nonsyn","D","G",1,0,0.00730298238926551,0.00509446632446444,0.0134978310500822
"5029",7623,0.16861948149675,0.157412086,0.0664656028904111,1,"NS5A",7590,"g","a","nonsyn","V","I",0,0,7587,"g","a","nonsyn","V","I",0,0,7618,"g","a","nonsyn","V","M",0,0,0.00578030233844865,0.00256947403668147,0.00430300758913732
"4963",7522,0.309090048509302,0.2887195875,0.0659046161710669,2,"NS5A",7489,"a","g","nonsyn","E","G",1,0,7489,"a","g","nonsyn","E","G",1,0,7520,"a","g","nonsyn","E","G",1,0,0.00754464962902233,0.0167530267246558,0.00557054959792757
"977",1584,0.131555843097553,0.122912556,0.0657005184569697,1,"E2",1584,"a","g","nonsyn","N","D",1,1,1584,"a","g","nonsyn","N","D",1,0,1582,"a","g","nonsyn","N","D",1,1,0.00498341637062806,0.0032754003322558,0.0048213130704096
"4401",6622,0.131098123578048,0.122511311,0.0654991264839571,2,"NS5A",6604,"a","g","nonsyn","E","G",1,0,6604,"a","g","nonsyn","E","G",1,0,6620,"a","g","nonsyn","N","S",0,0,0.00418779090389017,0.00293401865199515,0.00517117139417327
"599",990,0.163701936105723,0.1530067635,0.0653332077808523,1,"E1",990,"g","a","nonsyn","A","T",1,0,990,"g","a","nonsyn","A","T",1,0,988,"g","a","nonsyn","D","N",1,0,0.0170604961048002,0.00280559804905453,0.00311530670852658
"1409",2212,0.176247023818872,0.16473622,0.0653106280574791,2,"E2",2194,"a","g","nonsyn","Y","C",1,0,2194,"a","g","nonsyn","Y","C",1,0,2210,"a","g","nonsyn","Y","C",1,0,0.00216102557404896,0.00315106131762368,0.00273484301070718
"4936",7444,0.175273308830081,0.163868866,0.0650666259808962,2,"NS5A",7426,"g","a","nonsyn","G","D",1,0,7426,"g","a","nonsyn","S","N",0,0,7442,"g","a","nonsyn","S","N",0,0,0.00270800789695706,0.00216788556370145,0.00409155164558307
"937",1513,0.640476134251511,0.5988173685,0.0650434317903121,2,"HVR1",1513,"a","g","nonsyn","N","S",0,0,1513,"c","t","nonsyn","T","M",1,0,1511,"c","t","nonsyn","T","I",1,0,0.0416444608477765,0.0414826623132688,0.0102035504122762
"950",1534,0.278606484970813,0.26056215,0.0647663853650188,2,"HVR1",1534,"g","a","nonsyn",NA,NA,0,0,1534,"g","a","nonsyn","G","D",1,0,1532,"g","a","nonsyn","G","E",1,0,0.00598491136542343,0.00776564831982411,0.0443730462864717
"4934",7441,0.164690400299634,0.154280005,0.0632119132669152,2,"NS5A",7423,"c","t","nonsyn","T","M",1,0,7423,"a","g","nonsyn","D","G",1,0,7439,"a","g","nonsyn","N","S",0,0,0.00241095147729252,0.00444850584306402,0.00954515887029685
"4135",6244,0.160642117348242,0.150537652,0.0629004741411458,2,"NS4B",6226,"a","g","nonsyn","Q","R",1,1,6226,"a","g","nonsyn","Q","R",1,1,6242,"a","g","nonsyn","Q","R",1,1,0.0022504678031149,0.00284979347363341,0.00279397180431942
"934",1509,0.120713787288931,0.113140179,0.0627402093747867,1,"HVR1",1509,"g","a","nonsyn","G","R",1,0,1509,"g","a","nonsyn","G","R",1,0,1507,"g","a","nonsyn","G","S",1,0,0.00453969459257888,0.00130376907573559,0.0244111886155042
"4655",6994,0.183745592525786,0.17225242,0.0625493780166353,2,"NS5A",6976,"a","g","nonsyn","K","R",0,0,6976,"a","g","nonsyn","K","R",0,0,6992,"a","g","nonsyn","K","R",0,0,0.014290921815255,0.00523163196188856,0.0156091995806973
"4927",7426,0.238898404136287,0.2241751195,0.0616298994943793,2,"NS5A",7408,"c","t","nonsyn","S","L",1,0,7408,"a","g","nonsyn","E","G",1,0,7424,"a","g","nonsyn","K","R",0,0,0.0012888183044484,0.00903767155085347,0.00332118667207078
"5358",8082,0.141953008746399,0.133279589,0.0611006404372462,1,"NS5B",8049,"g","a","nonsyn","E","K",1,0,8046,"g","a","nonsyn","E","K",1,0,8077,"g","a","nonsyn","A","T",1,0,0.00105124980969535,0.000557677171484554,0.0176723196626096
"1914",3019,0.232441359220113,0.218336618,0.0606808584644197,2,"NS2",3001,"a","g","nonsyn","D","G",1,0,3001,"a","g","nonsyn","D","G",1,0,3017,"a","g","nonsyn","D","G",1,0,0.00666360041324099,0.00524810845276203,0.00674482910763709
"1149",1836,0.279456133834114,0.2626722545,0.0600590837060564,1,"E2",1833,"c","t","nonsyn","P","S",1,0,1833,"c","t","nonsyn","P","S",1,0,1834,"c","t","nonsyn","P","S",1,0,0.0121934942758644,0.0251986701527332,0.0332848350513635
"1908",3012,0.291639126689745,0.2742212385,0.0597241131100859,1,"NS2",2994,"g","a","nonsyn","V","I",0,0,2994,"a","g","nonsyn","I","V",0,0,3010,"a","g","nonsyn","I","V",0,0,0.0157179622366036,0.00780885244246079,0.0138216406287336
"773",1269,0.115276433606394,0.108419125,0.0594857803270351,1,"E1",1269,"c","t","nonsyn","P","S",1,0,1269,"c","t","nonsyn","P","S",1,0,1267,"c","t","nonsyn","P","S",1,0,0.0013516474315404,0.00147746395874306,0.00209258873353393
"672",1113,0.175050883517762,0.1647119775,0.0590622898325041,1,"E1",1113,"c","t","nonsyn","L","F",0,0,1113,"a","g","nonsyn","I","V",0,0,1111,"a","g","nonsyn","I","V",0,0,0.00264459279292294,0.00341727179975801,0.00731419923529021
"978",1585,0.153409800885168,0.144389311,0.0587999582368282,2,"E2",1585,"a","g","nonsyn","N","S",0,0,1585,"a","g","nonsyn","N","S",0,0,1583,"a","g","nonsyn","N","S",0,0,0.00572360647211739,0.00472757219746359,0.00523111093169664
"386",705,0.111308382205324,0.104775586,0.058690963572477,1,"Core",705,"g","a","nonsyn","V","I",0,0,705,"g","a","nonsyn","V","I",0,0,703,"g","a","nonsyn","V","I",0,0,0.00179310290199342,0.00206347414376648,0.00150167842750843
"2293",3618,0.408106433148028,0.3843530285,0.0582039456344768,1,"NS3",3600,"a","g","nonsyn","T","A",1,0,3600,"t","c","nonsyn","S","P",1,0,3616,"t","c","nonsyn","S","P",1,0,0.00585403221246903,0.00438599476165468,0.00327028610131487
"4969",7530,0.145472973022413,0.137071593,0.0577521710587341,1,"NS5A",7497,"t","c","nonsyn","S","P",1,0,7497,"t","c","nonsyn","S","P",1,0,7528,"t","c","nonsyn","S","P",1,0,0.00381515403259796,0.00362493173270591,0.00815735352923753
"938",1515,0.433104951147338,0.408105182,0.0577221966202675,1,"HVR1",1515,"g","a","nonsyn","A","T",1,0,1515,"g","a","nonsyn","A","T",1,0,1513,"g","a","nonsyn","V","I",0,0,0.0312862431087502,0.10457305815319,0.0164355832540375
"1618",2514,0.270336489091798,0.2548162525,0.0574108091879814,1,"E2",2496,"g","a","nonsyn","V","I",0,0,2496,"g","a","nonsyn","V","I",0,0,2512,"g","a","nonsyn","V","I",0,0,0.00316158874774615,0.00239718283694227,0.00328434852198345
"2951",4584,0.357953472246418,0.337457752,0.0572580568021661,1,"NS3",4566,"g","a","nonsyn","A","T",1,0,4566,"g","a","nonsyn","G","S",1,0,4582,"g","a","nonsyn","G","S",1,0,0.00346428395415863,0.00782432225746166,0.00498055651381445
"1712",2652,0.524392656816059,0.4944129385,0.0571703625639726,1,"NS1",2634,"c","t","nonsyn","L","F",0,0,2634,"a","g","nonsyn","I","V",0,1,2650,"a","g","nonsyn","I","V",0,0,0.00982974957233436,0.00595103314573657,0.00425968255310039
"4889",7354,0.143652796918287,0.135463954,0.0570044098963489,2,"NS5A",7336,"c","t","nonsyn","T","M",1,0,7336,"c","t","nonsyn","T","M",1,0,7352,"c","t","nonsyn","T","I",1,0,0.00377926039418259,0.00190634208474231,0.0139380229658599
"2374",3742,0.150870602127494,0.142287192,0.0568925291372573,2,"NS3",3724,"c","t","nonsyn","S","L",1,0,3724,"c","t","nonsyn","S","L",1,0,3740,"c","t","nonsyn","A","V",0,0,0.00424035858034139,0.00200259842177077,0.0126720926524247
"1861",2934,0.118235850382252,0.1115467305,0.0565743796033634,1,"NS2",2916,"g","a","nonsyn","V","M",0,0,2916,"g","a","nonsyn","V","M",0,0,2932,"g","a","nonsyn","V","M",0,0,0.00991173521922532,0.00132115341288045,0.00259254693981965
"1526",2381,0.232156758595865,0.2190847055,0.0563070107238214,3,"E2",2363,"c","t","syn","V","V",0,0,2363,"a","g","nonsyn","I","M",0,0,2379,"a","g","nonsyn","I","M",0,0,0.0154117982639255,0.00689489177064391,0.00275907092773349
"975",1581,0.488627825023652,0.461133588,0.0562682590217229,1,"E2",1581,"a","g","nonsyn","I","V",0,0,1581,"g","a","nonsyn","V","I",0,0,1579,"g","a","nonsyn","V","I",0,0,0.0264657066863026,0.0213878757035036,0.0493579369926919
"4601",6913,0.139257323465948,0.1314829785,0.055827189353162,2,"NS5A",6895,"c","t","nonsyn","A","V",0,0,6895,"c","t","nonsyn","T","M",1,0,6911,"c","t","nonsyn","T","M",1,0,0.00274682148631853,0.00213100718771137,0.00200470668517578
"4943",7477,0.17605671022635,0.166289311,0.0554787103189217,2,"NS5A",7459,"c","t","nonsyn","P","L",1,0,7444,"c","t","nonsyn","P","L",1,0,7475,"c","t","nonsyn","T","I",1,0,0.00357998106366261,0.0126339267931956,0.00159418314116128
"5288",7992,0.353284196002046,0.3337627095,0.0552571746003973,1,"NS5B",7959,"a","g","nonsyn","N","D",1,1,7956,"c","t","nonsyn","R","C",1,0,7987,"c","t","nonsyn","R","C",1,0,0.00378797957122562,0.00298709909816333,0.00325536010371915
"3667",5577,0.14542808553283,0.137475636,0.0546830380369324,1,"NS4B",5559,"t","c","nonsyn","S","P",1,0,5559,"a","g","nonsyn","T","A",1,1,5575,"a","g","nonsyn","T","A",1,1,0.00431090697560595,0.00357608747893947,0.0415853868371577
"925",1491,0.643724992575135,0.6085956365,0.05457199344491,1,"HVR1",1491,"g","a","nonsyn","E","K",1,0,1491,"a","g","nonsyn","N","D",1,0,1489,"a","g","nonsyn","T","A",1,1,0.0447578725057108,0.0707992830934902,0.0350005701191957
"1706",2644,0.137047241899308,0.129625927,0.0541515086072336,2,"NS1",2626,"c","t","nonsyn","T","M",1,0,2626,"c","t","nonsyn","T","M",1,0,2642,"c","t","nonsyn","T","I",1,0,0.00900683595867889,0.00314771600832653,0.00205440238340435
"4833",7264,0.149179358280291,0.141119928,0.0540251035612329,2,"NS5A",7246,"a","g","nonsyn","K","R",0,0,7246,"a","g","nonsyn","K","R",0,0,7262,"a","g","nonsyn","K","R",0,0,0.007616605052326,0.00588534398773311,0.00564546201776296
"3566",5422,0.109177026481977,0.10329169,0.0539063635603645,2,"NS4A",5404,"t","c","nonsyn","L","S",1,1,5404,"t","c","nonsyn","L","S",1,1,5420,"t","c","nonsyn","L","P",1,1,0.00307302553444218,0.00280653389962622,0.00244224518805092
"3517",5347,0.107220960128552,0.1014463355,0.0538572366972702,2,"NS4A",5329,"t","c","nonsyn","V","A",0,0,5329,"t","c","nonsyn","V","A",0,1,5345,"t","c","nonsyn","L","P",1,0,0.0027479302414208,0.00224950053911,0.00315329438161103
"959",1551,0.516078270416308,0.488385655,0.0536597198598753,1,"HVR1",1551,"a","g","nonsyn",NA,NA,0,0,1551,"a","g","nonsyn","T","A",1,0,1549,"a","g","nonsyn","S","G",1,0,0.0271781477014136,0.00331788335777559,0.0104916600774681
"4107",6189,0.130633067122235,0.1236376335,0.0535502516808342,1,"NS4B",6171,"g","a","nonsyn","V","I",0,0,6171,"g","a","nonsyn","V","I",0,0,6187,"g","a","nonsyn","V","I",0,0,0.00195555450930515,0.00105461471388646,0.00731063068110457
"4637",6969,0.107769359657931,0.1020598925,0.052978575506557,1,"NS5A",6951,"a","g","nonsyn","S","G",1,0,6951,"a","g","nonsyn","S","G",1,0,6967,"a","g","nonsyn","S","G",1,1,0.00307823704912079,0.00273141259445703,0.00382334079478522
"4704",7069,0.106141966730346,0.1005218255,0.0529492848443631,2,"NS5A",7051,"t","c","nonsyn","M","T",1,1,7051,"t","c","nonsyn","M","T",1,1,7067,"t","c","nonsyn","M","T",1,1,0.00237901344829721,0.00207317697991547,0.00336280262504977
"1432",2242,0.130938762608145,0.1240075805,0.0529345319146451,2,"E2",2224,"a","g","nonsyn","K","R",0,0,2224,"a","g","nonsyn","K","R",0,0,2240,"a","g","nonsyn","K","R",0,0,0.00473390273862087,0.00553508165026522,0.0129761283749993
"548",907,0.1065077523844,0.1008882995,0.0527609752210212,2,"Core",907,"c","t","nonsyn","A","V",0,0,907,"c","t","nonsyn","A","V",0,0,905,"c","t","nonsyn","A","V",0,0,0.00264839703317458,0.0369777218333622,0.0027503828003332
"611",1008,0.381896460820122,0.361757895,0.0527330517200251,1,"E1",1008,"a","g","nonsyn","T","A",1,1,1008,"a","g","nonsyn","T","A",1,1,1006,"a","g","nonsyn","T","A",1,1,0.0130988369842519,0.00622548264826477,0.0235591144543638
"4761",7150,0.13042429885044,0.1235955745,0.0523577616335942,2,"NS5A",7132,"a","g","nonsyn","D","G",1,0,7132,"a","g","nonsyn","D","G",1,0,7148,"a","g","nonsyn","D","G",1,0,0.00553558421635737,0.00500174173568961,0.00509410563579895
"4063",6136,0.102429544385455,0.0970692345,0.0523316775215116,2,"NS4B",6118,"g","a","nonsyn","G","E",1,0,6118,"g","a","nonsyn","G","D",1,0,6134,"g","a","nonsyn","G","D",1,0,0.00132318120207857,0.00226733066218831,0.00203337687090556
"3464",5284,0.097916556193798,0.0928164945,0.0520857952122403,2,"NS3",5266,"c","t","nonsyn","T","I",1,0,5266,"c","t","nonsyn","T","I",1,0,5282,"c","t","nonsyn","T","I",1,0,0.00138083228515372,0.000788964034755367,0.000863195118132157
"4230",6379,0.101837928349318,0.096546371,0.0519605753483834,2,"NS5A",6361,"c","t","nonsyn","P","L",1,0,6361,"c","t","nonsyn","P","L",1,0,6377,"c","t","nonsyn","P","L",1,0,0.00158631664394207,0.00151348959066078,0.00199722091676183
"4457",6708,0.109593373796671,0.103939409,0.051590389097436,1,"NS5A",6690,"c","t","nonsyn","P","S",1,0,6690,"c","t","nonsyn","P","S",1,0,6706,"c","t","nonsyn","P","S",1,0,0.0025142077447517,0.00175605699301281,0.0109198300703982
"4948",7486,0.149156145719885,0.141461549,0.0515875271699193,2,"NS5A",7468,"g","a","nonsyn","C","Y",1,0,7453,"a","g","nonsyn","Q","R",1,1,7484,"a","g","nonsyn","K","R",0,0,0.00539809290633407,0.00500202981844625,0.00681279500351368
"2149",3397,0.104060247195443,0.0986972285,0.0515376317083923,2,"NS2",3379,"g","a","nonsyn","G","E",1,0,3379,"g","a","nonsyn","G","E",1,0,3395,"g","a","nonsyn","G","E",1,0,0.00198749227827897,0.0017582688882763,0.00141370680695968
"3975",6024,0.099455098832635,0.094362963,0.0512003496291742,1,"NS4B",6006,"c","t","nonsyn","P","S",1,0,6006,"c","t","nonsyn","P","S",1,0,6022,"c","t","nonsyn","P","S",1,0,0.00184955472824399,0.00123865015126887,0.00132957533140312
"1342",2131,0.133009007255753,0.1262009625,0.0511848400060779,2,"E2",2113,"a","g","nonsyn","E","G",1,0,2113,"a","g","nonsyn","E","G",1,0,2129,"a","g","nonsyn","E","G",1,0,0.00408752837090968,0.00437329143709902,0.00407060701177819
"4226",6372,0.0998942151105219,0.09478424,0.0511538641638885,1,"NS5A",6354,"g","a","nonsyn","G","R",1,0,6354,"g","a","nonsyn","G","R",1,0,6370,"g","a","nonsyn","G","R",1,0,0.00137958713790037,0.00117769797856298,0.00159727966647578
"4792",7209,0.0990811566558325,0.0940711905,0.050564267969086,1,"NS5A",7191,"g","a","nonsyn","A","T",1,0,7191,"g","a","nonsyn","A","T",1,0,7207,"g","a","nonsyn","A","T",1,0,0.00233984870382126,0.00149856296436168,0.00170391529357677
"4617",6939,0.113586494288788,0.1078576535,0.0504359327634737,1,"NS5A",6921,"t","c","nonsyn","S","P",1,0,6921,"t","c","nonsyn","S","P",1,0,6937,"t","c","nonsyn","S","P",1,0,0.00460034106851656,0.0057416006199738,0.00500042047374349
"3700",5634,0.493520667229192,0.468722813,0.0502468404584075,1,"NS4B",5616,"g","a","nonsyn","V","I",0,0,5616,"g","a","nonsyn","A","T",1,0,5632,"g","a","nonsyn","A","T",1,0,0.0139566924861893,0.00554568554109413,0.00508559506180141
"3642",5542,0.112688771402053,0.1070295065,0.050220308835046,2,"NS4B",5524,"t","c","nonsyn","F","S",1,0,5524,"t","c","nonsyn","F","S",1,0,5540,"t","c","nonsyn","F","S",1,0,0.00365931360758835,0.00323264114861823,0.0033113170791374
"3635",5532,0.101140807191395,0.096061697,0.0502182089745782,1,"NS4B",5514,"g","a","nonsyn","A","T",1,0,5514,"g","a","nonsyn","A","T",1,0,5530,"g","a","nonsyn","A","T",1,0,0.00256481628060082,0.0022831936963952,0.00187502022914523
"929",1498,0.476127988613047,0.452258548,0.050132403857581,2,"HVR1",1498,"a","g","nonsyn","H","R",0,1,1498,"a","g","nonsyn","H","R",0,1,1496,"a","g","nonsyn","Y","C",1,0,0.0232971350216311,0.0354521348715325,0.0194355177731845
"4456",6706,0.102145782048276,0.097029405,0.0500889703488481,2,"NS5A",6688,"t","c","nonsyn","I","T",1,0,6688,"t","c","nonsyn","V","A",0,0,6704,"t","c","nonsyn","V","A",0,1,0.00554018640216553,0.00294809905066151,0.00296586759052137
"1137",1819,0.333441369303788,0.31679891,0.0499112012961582,2,"E2",1816,"g","a","nonsyn","R","K",0,0,1816,"g","a","nonsyn","R","Q",1,0,1817,"g","a","nonsyn","R","K",0,0,0.0260596196252553,0.0372013403974024,0.0228779056285188
"1108",1768,0.171376850604685,0.1628663905,0.0496593330701126,2,"E2",1768,"a","g","nonsyn","N","S",0,0,1768,"a","g","nonsyn","E","G",1,0,1766,"a","g","nonsyn","N","S",0,0,0.00936441344763371,0.0288939663293187,0.00678169795518407
"4202",6334,0.151355293243541,0.143865546,0.0494845411946675,2,"NS5A",6316,"a","g","nonsyn","K","R",0,0,6316,"a","g","nonsyn","K","R",0,0,6332,"a","g","nonsyn","K","R",0,0,0.0134293444908112,0.00651560973585846,0.0175982560568143
"131",402,0.098665372515229,0.0937913385,0.0493996413430325,1,"Core",402,"g","a","nonsyn","D","N",1,0,402,"g","a","nonsyn","D","N",1,0,400,"g","a","nonsyn","D","N",1,0,0.00143245276613267,0.0016197353786002,0.00285748617703197
"3538",5377,0.114486954474999,0.108836592,0.0493537669938884,2,"NS4A",5359,"a","g","nonsyn","Y","C",1,0,5359,"a","g","nonsyn","Y","C",1,0,5375,"a","g","nonsyn","Y","C",1,0,0.00200924312896889,0.00188665216896003,0.00267307655371274
"4218",6358,0.107170821550226,0.1018865255,0.0493072272264845,2,"NS5A",6340,"t","c","nonsyn","M","T",1,1,6340,"t","c","nonsyn","L","P",1,1,6356,"t","c","nonsyn","M","T",1,1,0.00433849495123662,0.00417765527730339,0.00460428482286363
"3418",5218,0.100946430122599,0.0959827855,0.049171076347828,2,"NS3",5200,"g","a","nonsyn","G","E",1,0,5200,"g","a","nonsyn","G","E",1,0,5216,"g","a","nonsyn","G","E",1,0,0.00242622556474707,0.0026043760038701,0.00204206555242659
"4141",6250,0.101654797913929,0.0966611005,0.0491240700528189,2,"NS4B",6232,"t","c","nonsyn","I","T",1,0,6232,"t","c","nonsyn","I","T",1,0,6248,"t","c","nonsyn","I","T",1,0,0.00284326387470782,0.0030448496263178,0.00332962663632207
"1707",2646,0.12966147551687,0.123303324,0.0490365506911321,1,"NS1",2628,"c","t","nonsyn","H","Y",1,0,2628,"c","t","nonsyn","H","Y",1,0,2644,"c","t","nonsyn","H","Y",1,0,0.00319058438994049,0.00240342769612629,0.0265037515012048
"5642",8488,0.108159162912847,0.102873375,0.0488704587803274,2,"NS5B",8455,"t","c","nonsyn","L","P",1,1,8452,"t","c","nonsyn","L","P",1,1,8483,"t","c","nonsyn","L","P",1,1,0.0039441459638865,0.00421821973952728,0.00286812240701951
"4688",7048,0.104949386597999,0.0998209945,0.0488653842031773,2,"NS5A",7030,"a","g","nonsyn","N","S",0,0,7030,"a","g","nonsyn","N","S",0,0,7046,"a","g","nonsyn","N","S",0,0,0.004432133753489,0.00351272253118777,0.0033593549751311
"4871",7330,0.097652968799219,0.0928813345,0.0488631770021227,2,"NS5A",7312,"t","c","nonsyn","V","A",0,1,7312,"t","c","nonsyn","I","T",1,0,7328,"t","c","nonsyn","V","A",0,1,0.00445881668066517,0.00213637346098486,0.00468896788977404
"1490",2320,0.145151843392792,0.138086784,0.0486735767707298,2,"E2",2302,"t","c","nonsyn","L","P",1,1,2302,"t","c","nonsyn","L","S",1,1,2318,"t","c","nonsyn","I","T",1,0,0.00356009652287659,0.00297085615901727,0.0160810502238293
"1312",2077,0.127311576432423,0.121145546,0.0484325982381965,2,"E2",2074,"c","t","nonsyn","T","I",1,0,2074,"c","t","nonsyn","T","I",1,0,2075,"c","t","nonsyn","P","L",1,0,0.00323757272126146,0.00168659184469178,0.00395675760605644
"4582",6889,0.104111980386438,0.0990696095,0.0484321868407647,2,"NS5A",6871,"a","g","nonsyn","D","G",1,0,6871,"a","g","nonsyn","D","G",1,0,6887,"a","g","nonsyn","D","G",1,0,0.00380727391474606,0.00387034622609427,0.00708035310951956
"1278",2028,0.120768697159564,0.114933301,0.0483187804191847,1,"E2",2025,"a","g","nonsyn","K","E",1,1,2025,"a","g","nonsyn","K","E",1,1,2026,"a","g","nonsyn","K","E",1,1,0.00405187552736006,0.00334299035388381,0.013780082942752
"3605",5481,0.110519407439193,0.1051851095,0.0482657124462769,1,"NS4A",5463,"a","g","nonsyn","M","V",0,0,5463,"a","g","nonsyn","M","V",0,0,5479,"a","g","nonsyn","M","V",0,0,0.00617876971255572,0.00613143746646803,0.00675736866791669
"3545",5386,0.109362144505244,0.1040846685,0.0482568811092666,2,"NS4A",5368,"c","t","nonsyn","S","L",1,0,5368,"c","t","nonsyn","T","I",1,0,5384,"c","t","nonsyn","S","L",1,0,0.00114244752643074,0.000915434589788735,0.00176525348326815
"1106",1765,0.249988719104749,0.237937007,0.0482090237827858,2,"E2",1765,"c","t","nonsyn","A","V",0,0,1765,"c","t","nonsyn","A","V",0,0,1763,"c","t","nonsyn","A","V",0,0,0.00843735209404818,0.0218159028492762,0.00658304887573795
"3847",5842,0.0959480800068647,0.09133593,0.0480692266748298,2,"NS4B",5824,"c","t","nonsyn","A","V",0,0,5824,"c","t","nonsyn","A","V",0,0,5840,"c","t","nonsyn","A","V",0,0,0.0016826722033619,0.00210495120265316,0.00230859479176404
"4247",6405,0.102304920447994,0.097392393,0.048018486564302,1,"NS5A",6387,"a","g","nonsyn","R","G",1,0,6387,"a","g","nonsyn","K","E",1,1,6403,"a","g","nonsyn","K","E",1,1,0.00330454199550439,0.00355093544517014,0.00373836024414674
"3525",5358,0.125087749259402,0.119088255,0.0479622848354277,1,"NS4A",5340,"c","t","syn","L","L",0,0,5340,"c","t","nonsyn","L","F",0,0,5356,"c","t","nonsyn","L","F",0,0,0.00430859289963043,0.00173437592846525,0.0019107708769089
"4888",7353,0.129154242731343,0.1229628275,0.0479381482203563,1,"NS5A",7335,"a","g","nonsyn","T","A",1,0,7335,"a","g","nonsyn","T","A",1,0,7351,"a","g","nonsyn","T","A",1,0,0.00831836721540745,0.00619389519204041,0.00522423831662526
"1148",1834,0.100336579832042,0.0955550835,0.047654567656641,2,"E2",1831,"t","c","nonsyn","V","A",0,1,1831,"t","c","nonsyn","V","A",0,0,1832,"t","c","nonsyn","V","A",0,0,0.00363464764316487,0.00333288799651572,0.00473355000989409
"4495",6759,0.101072943425371,0.096271983,0.0474999565923977,1,"NS5A",6741,"g","a","nonsyn","A","T",1,0,6741,"g","a","nonsyn","A","T",1,0,6757,"g","a","nonsyn","A","T",1,0,0.0025381039730456,0.00360155388689904,0.00267681532243426
"3380",5169,0.100762267390139,0.09597664,0.0474942407916411,1,"NS3",5151,"t","c","nonsyn","W","R",1,1,5151,"t","c","nonsyn","W","R",1,1,5167,"t","c","nonsyn","W","R",1,1,0.00314726197474405,0.00328681079688891,0.00370120420474762
"3825",5802,0.0989969949588336,0.0943080555,0.0473644625352864,1,"NS4B",5784,"t","c","nonsyn","W","R",1,1,5784,"t","c","nonsyn","W","R",1,1,5800,"t","c","nonsyn","W","R",1,1,0.00314611639935813,0.0031174644089185,0.00377553289313326
"4660",7000,0.131457035324373,0.125243521,0.0472665027705899,2,"NS5A",6982,"c","t","nonsyn","T","I",1,0,6982,"c","t","nonsyn","T","I",1,0,6998,"c","t","nonsyn","T","I",1,0,0.00132236493076357,0.00136304045751739,0.00333874288376167
"4859",7306,0.0997228603165089,0.095019971,0.0471595911066175,2,"NS5A",7288,"t","c","nonsyn","L","P",1,0,7288,"t","c","nonsyn","L","S",1,1,7304,"t","c","nonsyn","L","S",1,0,0.00503310560497669,0.00334744578993873,0.0033220336263115
"2125",3360,0.110469627428441,0.105265271,0.0471111974358042,1,"NS2",3342,"c","t","nonsyn","P","S",1,0,3342,"c","t","nonsyn","P","S",1,0,3358,"c","t","nonsyn","P","S",1,0,0.00268644863945623,0.00208959098118504,0.00282310250007395
"2080",3297,0.0942381093742874,0.0897993855,0.0471011558249543,1,"NS2",3279,"g","a","nonsyn","E","K",1,0,3279,"g","a","nonsyn","E","K",1,0,3295,"g","a","nonsyn","E","K",1,0,0.00117889560950351,0.00112594097671615,0.00104965607214378
"3581",5445,0.108557953046589,0.103459542,0.0469648782379025,1,"NS4A",5427,"c","t","nonsyn","P","S",1,0,5427,"c","t","nonsyn","P","S",1,0,5443,"c","t","nonsyn","P","S",1,0,0.00188069300955095,0.00139372721850587,0.00132266682541214
"730",1200,0.151893105300508,0.144763996,0.0469350421561508,1,"E1",1200,"g","a","nonsyn","V","I",0,0,1200,"g","a","nonsyn","V","I",0,0,1198,"g","a","nonsyn","V","M",0,0,0.00589146134137978,0.0109798839203774,0.00223635523601925
"3802",5767,0.0909599365075607,0.0867005,0.0468276108262967,2,"NS4B",5749,"c","t","nonsyn","T","I",1,0,5749,"c","t","nonsyn","T","I",1,0,5765,"c","t","nonsyn","T","I",1,0,0.00146119863243375,0.00128278208618372,0.00176077651666195
"4922",7414,0.100667104033436,0.095964749,0.0467119331442587,2,"NS5A",7396,"t","c","nonsyn","F","S",1,0,7396,"t","c","nonsyn","F","S",1,0,7412,"t","c","nonsyn","F","S",1,0,0.00657349875206744,0.00515509191666683,0.00370967831767693
"2122",3355,0.107932654569766,0.102898081,0.0466455086260454,2,"NS2",3337,"g","a","nonsyn","G","D",1,0,3337,"g","a","nonsyn","G","D",1,0,3353,"g","a","nonsyn","G","E",1,0,0.00464927630873981,0.00162127664844379,0.00218198218523616
"4814",7240,0.103471037106538,0.0986489385,0.0466033659406832,2,"NS5A",7222,"a","g","nonsyn","N","S",0,0,7222,"a","g","nonsyn","N","S",0,0,7238,"a","g","nonsyn","N","S",0,0,0.00477029824982102,0.00455467819497462,0.00360414213104213
"3621",5506,0.105871094201388,0.1009409455,0.0465674671502863,2,"NS4B",5488,"c","t","nonsyn","P","L",1,0,5488,"c","t","nonsyn","P","L",1,0,5504,"c","t","nonsyn","P","L",1,0,0.00274257697401312,0.000956502887602933,0.00160752057388045
"4882",7345,0.220968649264438,0.210684694,0.0465403363720206,2,"NS5A",7327,"a","g","nonsyn","K","R",0,0,7327,"g","a","nonsyn","R","K",0,0,7343,"g","a","nonsyn","R","K",0,0,0.0132898672921342,0.0154139071781749,0.00201021189673283
"4257",6417,0.0980996927170507,0.09353561,0.0465249440710777,1,"NS5A",6399,"c","t","stop","R","*",1,0,6399,"c","t","nonsyn","R","W",1,0,6415,"c","t","nonsyn","R","W",1,0,0.00313910701721319,0.0027833019213489,0.0029413487148155
"4412",6642,0.0998197559961948,0.0951772525,0.0465088644012692,1,"NS5A",6624,"c","t","nonsyn","R","W",1,0,6624,"c","t","nonsyn","R","W",1,0,6640,"c","t","nonsyn","R","W",1,0,0.00206012789127586,0.00243803355335634,0.00629726147455113
"4778",7183,0.106247113123598,0.1013091115,0.0464765721949884,2,"NS5A",7165,"t","c","nonsyn","L","P",1,1,7165,"t","c","nonsyn","L","P",1,1,7181,"t","c","nonsyn","F","S",1,0,0.00458556804670911,0.00474415825374993,0.00451360928424566
"5324",8035,0.0917563629824749,0.087494902,0.0464432203278243,2,"NS5B",8002,"t","c","nonsyn","I","T",1,0,7999,"t","c","nonsyn","I","T",1,0,8030,"t","c","nonsyn","I","T",1,0,0.00233166627803854,0.00177438146364161,0.00287948951590593
"4741",7119,0.0946725667704395,0.0902785305,0.0464129834051515,1,"NS5A",7101,"g","a","nonsyn","D","N",1,0,7101,"g","a","nonsyn","D","N",1,0,7117,"g","a","nonsyn","D","N",1,0,0.00185016457289504,0.00180789181475436,0.00141264464833724
"3407",5203,0.101916514574144,0.097215036,0.0461306844507883,2,"NS3",5185,"a","g","nonsyn","K","R",0,0,5185,"a","g","nonsyn","K","R",0,0,5201,"a","g","nonsyn","K","R",0,0,0.00375740040075729,0.00378868767841321,0.00555132935754001
"5136",7774,0.253226345183827,0.241567487,0.0460412528379042,2,"NS5B",7741,"a","g","nonsyn","Q","R",1,1,7738,"a","g","nonsyn","Q","R",1,1,7769,"a","g","nonsyn","Q","R",1,1,0.00672218666628262,0.00368367551623719,0.00449765650384308
"1988",3141,0.0953567206870183,0.090978071,0.0459186269774312,1,"NS2",3123,"a","g","nonsyn","I","V",0,0,3123,"g","a","nonsyn","V","I",0,0,3139,"g","a","nonsyn","V","M",0,0,0.0148739221290404,0.0022269828819168,0.00376043365937146
"4319",6510,0.136309069954344,0.1300761565,0.0457263295570256,1,"NS5A",6492,"a","g","nonsyn","T","A",1,0,6492,"a","g","nonsyn","T","A",1,0,6508,"a","g","nonsyn","T","A",1,0,0.00589477093148571,0.0181815105050577,0.00284621216620462
"5301",8007,0.0926330226219535,0.0884008065,0.0456879847182108,1,"NS5B",7974,"g","a","nonsyn","D","N",1,0,7971,"g","a","nonsyn","D","N",1,0,8002,"g","a","nonsyn","D","N",1,0,0.0013753557136283,0.00115767974150286,0.00123768894605817
"4975",7537,0.0981261196151206,0.0936492935,0.0456231850671363,2,"NS5A",7504,"t","c","nonsyn","M","T",1,1,7504,"t","c","nonsyn","M","T",1,1,7535,"t","c","nonsyn","M","T",1,1,0.00384375613884274,0.00372962649859954,0.00670658309835684
"2039",3234,0.0954394271617182,0.0910897265,0.04557551099241,1,"NS2",3216,"t","c","nonsyn","W","R",1,1,3216,"t","c","nonsyn","W","R",1,1,3232,"t","c","nonsyn","W","R",1,1,0.00233665069295099,0.00267414201317995,0.00211543976377862
"3890",5910,0.121683282358042,0.11613784,0.0455727545360344,1,"NS4B",5892,"a","g","nonsyn","I","V",0,1,5892,"a","g","nonsyn","I","V",0,1,5908,"a","g","nonsyn","I","V",0,1,0.00622398490889725,0.00293270341333372,0.00756722030323271
"1708",2647,0.120998471113329,0.1154888915,0.0455342911578498,2,"NS1",2629,"a","g","nonsyn","H","R",0,1,2629,"a","g","nonsyn","H","R",0,1,2645,"a","g","nonsyn","H","R",0,1,0.0117683729537368,0.00534194942227898,0.00550186146264137
"4770",7167,0.089641697685089,0.0855600755,0.0455326292394387,1,"NS5A",7149,"g","a","nonsyn","V","I",0,0,7149,"g","a","nonsyn","V","I",0,0,7165,"g","a","nonsyn","V","M",0,0,0.00273811405597748,0.012635742269824,0.00173799586901519
"4768",7164,0.100707054767193,0.0961305495,0.0454437405380648,1,"NS5A",7146,"t","c","nonsyn","S","P",1,0,7146,"t","c","nonsyn","S","P",1,0,7162,"t","c","nonsyn","S","P",1,0,0.00627391650346454,0.00443345975258288,0.00335870083757975
"4344",6544,0.0975115172461235,0.0930823835,0.0454216473213535,2,"NS5A",6526,"t","c","nonsyn","I","T",1,0,6526,"t","c","nonsyn","I","T",1,0,6542,"t","c","nonsyn","I","T",1,0,0.00357944876254504,0.0031803200799233,0.00439110866410836
"2095",3315,0.0992815978549856,0.0947726475,0.045415771425955,1,"NS2",3297,"t","c","nonsyn","W","R",1,1,3297,"t","c","nonsyn","W","R",1,1,3313,"t","c","nonsyn","W","R",1,1,0.00305768682262407,0.00348947130601502,0.00279078118501292
"1743",2706,0.0942180553627757,0.089946803,0.0453336926381013,1,"NS1",2688,"g","a","nonsyn","V","M",0,0,2688,"g","a","nonsyn","V","I",0,0,2704,"g","a","nonsyn","V","I",0,0,0.00369132271804934,0.00289626780144279,0.00166142038196942
"3819",5794,0.0935473300375432,0.089313011,0.0452639218654755,2,"NS4B",5776,"t","c","nonsyn","L","S",1,1,5776,"t","c","nonsyn","L","S",1,1,5792,"t","c","nonsyn","L","P",1,0,0.00159164578863813,0.00226059831995363,0.00284221526965244
"2051",3250,0.098068657253333,0.093640222,0.0451564789134756,2,"NS2",3232,"t","c","nonsyn","L","P",1,1,3232,"t","c","nonsyn","L","P",1,0,3248,"t","c","nonsyn","L","P",1,0,0.00415480616988548,0.00283140932186741,0.00455748070901464
"3962",6007,0.0977324461493599,0.0933205745,0.0451423434405544,2,"NS4B",5989,"t","c","nonsyn","L","P",1,1,5989,"t","c","nonsyn","L","P",1,0,6005,"t","c","nonsyn","L","S",1,1,0.00279394397045065,0.00400274809618602,0.00245269217480167
"3476",5297,0.109232377114735,0.1043017545,0.0451388383643432,3,"NS3",5279,"g","a","nonsyn","M","I",0,0,5279,"g","a","nonsyn","M","I",0,0,5295,"g","a","nonsyn","M","I",0,0,0.00144871507533688,0.00164664478580986,0.0086444722810225
"2347",3696,0.0913718171720913,0.0872474715,0.0451380502187389,1,"NS3",3678,"g","a","nonsyn","A","T",1,0,3678,"g","a","nonsyn","A","T",1,0,3694,"g","a","nonsyn","A","T",1,0,0.00686421957458479,0.00209444906793472,0.00173647580040507
"1784",2784,0.0933038102076692,0.089093036,0.045129713334291,1,"NS1",2766,"g","a","nonsyn","A","T",1,0,2766,"g","a","nonsyn","A","T",1,0,2782,"g","a","nonsyn","A","T",1,0,0.00308364501417397,0.00254336696340794,0.00215306105301878
"1426",2233,0.08889345098374,0.0848939805,0.0449917338058073,2,"E2",2215,"c","t","nonsyn","T","I",1,0,2215,"c","t","nonsyn","T","I",1,0,2231,"c","t","nonsyn","T","I",1,0,0.00188960059108059,0.00152792411547088,0.00221111964296118
"4851",7294,0.103788858877541,0.099129762,0.0448901445485416,2,"NS5A",7276,"a","g","nonsyn","H","R",0,1,7276,"a","g","nonsyn","H","R",0,1,7292,"a","g","nonsyn","H","R",0,1,0.00392155976876714,0.00551392136974729,0.00362185081821495
"5339",8053,0.0943211389043061,0.0900950575,0.0448052414697164,2,"NS5B",8020,"c","t","nonsyn","A","V",0,0,8017,"c","t","nonsyn","A","V",0,0,8048,"c","t","nonsyn","A","V",0,0,0.00222535415344688,0.00260187879843177,0.00319639835083149
"3507",5335,0.104066909107429,0.099417804,0.0446741922797926,2,"NS4A",5317,"c","t","nonsyn","T","I",1,0,5317,"c","t","nonsyn","T","I",1,0,5333,"c","t","nonsyn","T","I",1,0,0.0019740159856251,0.00166209978165818,0.00133748617176735
"4635",6966,0.107793694811076,0.1029884835,0.044577851417913,1,"NS5A",6948,"g","a","nonsyn","A","T",1,0,6948,"g","a","nonsyn","A","T",1,0,6964,"g","a","nonsyn","A","T",1,0,0.00292689456325117,0.00221660654969225,0.00268054668135467
"3859",5862,0.116828433854328,0.1116229575,0.0445565876610026,1,"NS4B",5844,"g","a","nonsyn","A","T",1,0,5844,"g","a","nonsyn","A","T",1,0,5860,"g","a","nonsyn","A","T",1,0,0.021156172614703,0.00250943924745456,0.0186486622284552
"3577",5437,0.0910470068342699,0.0869912085,0.0445462017400808,2,"NS4A",5419,"c","t","nonsyn","A","V",0,0,5419,"c","t","nonsyn","A","V",0,0,5435,"c","t","nonsyn","A","V",0,0,0.00428537100460913,0.00233515259419396,0.00320885895202614
"4089",6166,0.104591968256496,0.0999340425,0.0445342585491187,2,"NS4B",6148,"c","t","nonsyn","P","L",1,0,6148,"c","t","nonsyn","P","L",1,0,6164,"c","t","nonsyn","P","L",1,0,0.00230873672115523,0.000970028175402531,0.00111796825045612
"2899",4516,0.104464318023443,0.0998123665,0.0445314879899857,2,"NS3",4498,"a","g","nonsyn","K","R",0,0,4498,"a","g","nonsyn","K","R",0,0,4514,"a","g","nonsyn","K","R",0,0,0.0123759676283525,0.00701158786813835,0.0255783609755521
"5253",7948,0.0909444168336929,0.0869003785,0.044467142398506,2,"NS5B",7915,"c","t","nonsyn","A","V",0,0,7912,"c","t","nonsyn","A","V",0,0,7943,"c","t","nonsyn","A","V",0,0,0.0017339097624004,0.00157545357528348,0.00253726220726814
"3541",5380,0.112022707243191,0.1070446595,0.0444378453770458,2,"NS4A",5362,"g","a","nonsyn","C","Y",1,0,5362,"g","a","nonsyn","C","Y",1,0,5378,"g","a","nonsyn","C","Y",1,0,0.00230440432835753,0.0016496220483568,0.00218272186346182
"2217",3502,0.0861272656482306,0.082304961,0.0443797282946615,2,"NS3",3484,"c","t","nonsyn","T","I",1,0,3484,"c","t","nonsyn","T","I",1,0,3500,"c","t","nonsyn","T","I",1,0,0.00109916979733132,0.00128726806554835,0.000896059276916668
"3483",5304,0.1109403386005,0.1060253435,0.0443030475884796,1,"NS3",5286,"a","g","nonsyn","M","V",0,1,5286,"a","g","nonsyn","M","V",0,1,5302,"a","g","nonsyn","M","V",0,1,0.00429234664478839,0.00363886679459426,0.00423973471440501
"4636",6967,0.10627843351235,0.101577541,0.0442318573674098,2,"NS5A",6949,"c","t","nonsyn","A","V",0,0,6949,"c","t","nonsyn","A","V",0,0,6965,"c","t","nonsyn","A","V",0,0,0.00232042169655862,0.00232660423485013,0.00193504192174873
"1445",2257,0.0949960647863353,0.090798961,0.0441818700150938,2,"E2",2239,"t","c","nonsyn","V","A",0,1,2239,"t","c","nonsyn","V","A",0,1,2255,"t","c","nonsyn","V","A",0,1,0.00328510705650793,0.00308439519546404,0.00310819587553867
"3523",5356,0.0919752214832208,0.087912566,0.0441711954340001,2,"NS4A",5338,"t","c","nonsyn","V","A",0,0,5338,"t","c","nonsyn","V","A",0,0,5354,"t","c","nonsyn","V","A",0,0,0.00424412050597936,0.00303567555014382,0.00310672207872942
"4991",7557,0.0948767354332608,0.090691646,0.0441108077143393,1,"NS5A",7524,"c","t","nonsyn","P","S",1,0,7524,"c","t","nonsyn","P","S",1,0,7555,"c","t","nonsyn","P","S",1,0,0.00273072930784787,0.00409491747278752,0.00253680244350523
"3478",5299,0.105191576742147,0.1005538095,0.0440887700876984,2,"NS3",5281,"c","t","nonsyn","T","I",1,0,5281,"c","t","nonsyn","A","V",0,0,5297,"c","t","nonsyn","A","V",0,0,0.00072255404071643,0.00245788970759644,0.00233887788362291
"3462",5281,0.108495499695011,0.1037132895,0.0440774982230061,2,"NS3",5263,"t","c","nonsyn","I","T",1,0,5263,"t","c","nonsyn","I","T",1,0,5279,"t","c","nonsyn","V","A",0,0,0.00520724855220195,0.00313503356842305,0.00585348721499566
"4729",7104,0.0939598857427456,0.089819356,0.0440669942286011,1,"NS5A",7086,"a","g","nonsyn","K","E",1,1,7086,"a","g","nonsyn","K","E",1,0,7102,"a","g","nonsyn","K","E",1,0,0.00370766528747817,0.00319091944546819,0.00254125996100175
