"","pos","TotalReads","TotalReads_indels","MajNt","ref","transition.maj","transition.ref","freq.Ts","freq.Ts.ref","freq.transv","freq.transv.ref","freq.transv1","freq.transv2","freq.transv1.ref","freq.transv2.ref","freq.mutations","freq.mutations.ref","freq.mutations.indels","freq.mutations.indels.ref","Type","Type.tv1","Type.tv2","TSmutrate","TVSmutrate.tv1","TVSmutrate.tv2","TVSmutrate.tvs","EstSelCoeff","EstSelCoeff_transv","EstSelCoeff_trans1","EstSelCoeff_trans2","MajAA","WTAA","MUTAA","TVS1_AA","TVS2_AA","bigAAChange","bigAAChange.tv1","bigAAChange.tv2","makesCpG","makesCpG.tvs","makesCpG.tv1","makesCpG.tv2","obs"
"1",3525,9361,9361,"g","g","a","a",0.001175088,0.001175088,0.0001068262,0.0001068262,0,0.0001068262,0,0.0001068262,0.001281914,0.001281914,0.001281914,0.001281914,"nonsyn","nonsyn","nonsyn",4.2e-06,5.36e-07,1.17e-06,1.17e-06,0.0035742,0.01095237,1,0.01095237,"V","V","M","L","L",0,0,0,0,0,0,0,0
"2",3526,9341,9341,"t","t","c","c",0.01134782,0.01134782,0.001177604,0.001177604,0.001070549,0.0001070549,0.001070549,0.0001070549,0.01252543,0.01252543,0.01252543,0.01252543,"nonsyn","nonsyn","nonsyn",1.7e-05,1.07e-06,1.21e-06,1.21e-06,0.001498085,0.00102751,0.000999487,0.01130261,"V","V","A","E","G",0,1,1,1,0,0,0,0
"3",3579,9144,9144,"a","a","g","g",0.004811899,0.004811899,0.0001093613,0.0001093613,0,0.0001093613,0,0.0001093613,0.00492126,0.00492126,0.00492126,0.00492126,"nonsyn","nonsyn","nonsyn",1.77e-05,1.76e-06,1.7e-06,1.7e-06,0.003678382,0.0155448,1,0.0155448,"T","T","A","P","S",1,1,0,0,0,0,0,0
"4",3580,9146,9146,"c","c","t","t",0.001530724,0.001530724,0,0,0,0,0,0,0.001530724,0.001530724,0.001530724,0.001530724,"nonsyn","nonsyn","nonsyn",4.58e-06,8.37e-07,4.33e-07,4.33e-07,0.002992049,1,1,1,"T","T","I","N","S",1,0,0,0,0,0,0,0
"5",3583,9122,9122,"t","t","c","c",0.005919754,0.005919754,0.0002192502,0.0002192502,0.0002192502,0,0.0002192502,0,0.006139005,0.006139005,0.006139005,0.006139005,"nonsyn","nonsyn","nonsyn",1.7e-05,1.07e-06,1.21e-06,1.21e-06,0.002871741,0.00551881,0.00488027,1,"V","V","A","D","G",0,1,1,0,0,0,0,0
"6",3585,9077,9077,"t","t","c","c",0.002093203,0.002093203,0.0004406742,0.0004406742,0.0002203371,0.0002203371,0.0002203371,0.0002203371,0.002533877,0.002533877,0.002533877,0.002533877,"nonsyn","nonsyn","nonsyn",1.7e-05,1.07e-06,1.21e-06,1.21e-06,0.008121526,0.002745793,0.004856195,0.005491585,"Y","Y","H","N","D",1,1,1,0,1,0,1,0
"7",3657,8874,8874,"c","c","t","t",0.001577643,0.001577643,0.001126888,0.001126888,0.001126888,0,0.001126888,0,0.00270453,0.00270453,0.00270453,0.00270453,"stop","nonsyn","nonsyn",4.58e-06,8.37e-07,4.33e-07,4.33e-07,0.002903066,0.0003842442,0.0007427538,1,"Q","Q","*","K","E",1,1,1,0,1,0,1,0
"8",3658,8758,8759,"a","a","g","g",0.001370176,0.001370176,0.001141813,0.001141813,0.0002283626,0.0009134506,0.0002283626,0.0009134506,0.002511989,0.002511989,0.002511702,0.002511702,"nonsyn","nonsyn","nonsyn",1.77e-05,1.76e-06,1.7e-06,1.7e-06,0.01291805,0.00148886,0.00770704,0.001861075,"Q","Q","R","P","L",1,1,1,1,0,0,0,0
"9",3783,4581,4581,"g","a","a","g",NA,NA,NA,NA,NA,NA,NA,NA,NA,NA,NA,NA,"nonsyn","nonsyn","nonsyn",1.77e-05,1.76e-06,1.7e-06,1.7e-06,1.780103e-05,0.00389385,1,0.00389385,"G","S","G","R","C",1,1,1,0,1,1,0,1
"10",3785,4464,4464,"c","c","t","t",0.003584229,0.003584229,0.0002240143,0.0002240143,0,0.0002240143,0,0.0002240143,0.003808244,0.003808244,0.003808244,0.003808244,"syn","nonsyn","nonsyn",4.58e-06,8.37e-07,4.33e-07,4.33e-07,0.00127782,0.001932912,1,0.001932912,"G","S","S","R","R",0,1,1,0,0,0,0,0
"11",3813,4042,4042,"a","a","g","g",0.001237011,0.001237011,0.0004948046,0.0004948046,0,0.0004948046,0,0.0004948046,0.001731816,0.001731816,0.001731816,0.001731816,"nonsyn","nonsyn","nonsyn",1.77e-05,1.76e-06,1.7e-06,1.7e-06,0.01430868,0.0034357,1,0.0034357,"I","I","V","L","F",0,0,0,1,0,0,0,0
"12",3882,6555,6556,"a","a","g","g",0.006102212,0.006102212,0.00228833,0.00228833,0.0004576659,0.001830664,0.0004576659,0.001830664,0.008390542,0.008390542,0.008389262,0.008389262,"nonsyn","syn","nonsyn",1.77e-05,1.76e-06,1.7e-06,1.7e-06,0.002900588,0.0007429,0.0038456,0.000928625,"R","R","G","R","W",1,0,1,1,1,1,0,0
"13",3883,6603,6603,"g","g","a","a",0.001363017,0.001363017,0.00121157,0.00121157,0,0.00121157,0,0.00121157,0.002574587,0.002574587,0.002574587,0.002574587,"nonsyn","nonsyn","nonsyn",4.2e-06,5.36e-07,1.17e-06,1.17e-06,0.0030814,0.0009656887,1,0.0009656887,"R","R","K","T","M",0,1,1,0,1,1,0,0
"14",3885,6585,6585,"g","g","a","a",0.003189066,0.003189066,0.0003037206,0.0003037206,0,0.0003037206,0,0.0003037206,0.003492787,0.003492787,0.003492787,0.003492787,"nonsyn","nonsyn","nonsyn",4.2e-06,5.36e-07,1.17e-06,1.17e-06,0.001317,0.003852225,1,0.003852225,"A","A","T","P","S",1,1,1,0,0,0,0,0
"15",3886,6600,6600,"c","c","t","t",0.001212121,0.001212121,0.0006060606,0.0006060606,0.0004545455,0.0001515152,0.0004545455,0.0001515152,0.001818182,0.001818182,0.001818182,0.001818182,"nonsyn","nonsyn","nonsyn",4.58e-06,8.37e-07,4.33e-07,4.33e-07,0.0037785,0.00071445,0.0018414,0.0028578,"A","A","V","D","G",0,1,1,0,0,0,0,0
"16",3921,6465,6465,"g","g","a","a",0.0006187162,0.0006187162,0.0007733952,0.0007733952,0,0.0007733952,0,0.0007733952,0.001392111,0.001392111,0.001392111,0.001392111,"nonsyn","nonsyn","nonsyn",4.2e-06,5.36e-07,1.17e-06,1.17e-06,0.00678825,0.00151281,1,0.00151281,"D","D","N","H","Y",1,1,1,0,0,0,0,0
"17",3922,6441,6441,"a","a","g","g",0.006210216,0.006210216,0.0004657662,0.0004657662,0.0001552554,0.0003105108,0.0001552554,0.0003105108,0.006675982,0.006675982,0.006675982,0.006675982,"nonsyn","nonsyn","nonsyn",1.77e-05,1.76e-06,1.7e-06,1.7e-06,0.002850143,0.0036499,0.01133616,0.00547485,"D","D","G","A","V",1,1,1,0,0,0,0,0
"18",3923,6466,6466,"c","c","t","t",0.002938447,0.002938447,0.0003093102,0.0003093102,0.0001546551,0.0001546551,0.0001546551,0.0001546551,0.003247758,0.003247758,0.003247758,0.003247758,"syn","nonsyn","nonsyn",4.58e-06,8.37e-07,4.33e-07,4.33e-07,0.001558646,0.001399889,0.005412042,0.002799778,"D","D","D","E","E",0,0,0,0,0,0,0,0
"19",6327,7558,7559,"a","a","g","g",0.003175443,0.003175443,0.0005292405,0.0005292405,0,0.0005292405,0,0.0005292405,0.003704684,0.003704684,0.003704194,0.003704194,"nonsyn","nonsyn","stop",1.77e-05,1.76e-06,1.7e-06,1.7e-06,0.005574025,0.00321215,1,0.00321215,"K","K","E","Q","*",1,1,1,0,0,0,0,0
"20",6328,7559,7560,"a","a","g","g",0.002645853,0.002645853,0.001455219,0.001455219,0.0001322926,0.001322926,0.0001322926,0.001322926,0.004101072,0.004101072,0.004100529,0.004100529,"nonsyn","nonsyn","nonsyn",1.77e-05,1.76e-06,1.7e-06,1.7e-06,0.006689715,0.001168209,0.01330384,0.00128503,"K","K","R","T","I",0,1,1,0,0,0,0,0
"21",6329,7553,7553,"g","a","a","g",NA,NA,NA,NA,NA,NA,NA,NA,NA,NA,NA,NA,"syn","nonsyn","nonsyn",1.77e-05,1.76e-06,1.7e-06,1.7e-06,1.785842e-05,0.00642005,1,0.00642005,"K","K","K","N","N",0,1,1,0,1,1,0,0
"22",6334,8083,8083,"a","a","g","g",0.002598045,0.002598045,0.001360881,0.001360881,0.0009897315,0.0003711493,0.0009897315,0.0003711493,0.003958926,0.003958926,0.003958926,0.003958926,"nonsyn","nonsyn","nonsyn",1.77e-05,1.76e-06,1.7e-06,1.7e-06,0.006812814,0.001249191,0.00177826,0.004580367,"K","K","R","T","M",0,1,1,0,1,1,0,0
"23",6335,8280,8280,"g","g","a","a",0.002777778,0.002777778,0.0002415459,0.0002415459,0,0.0002415459,0,0.0002415459,0.003019324,0.003019324,0.003019324,0.003019324,"syn","nonsyn","nonsyn",4.2e-06,5.36e-07,1.17e-06,1.17e-06,0.001512,0.0048438,1,0.0048438,"K","K","K","N","N",0,1,1,0,0,0,0,0
"24",6336,8350,8350,"c","c","t","t",0.001317365,0.001317365,0.0001197605,0.0001197605,0.0001197605,0,0.0001197605,0,0.001437126,0.001437126,0.001437126,0.001437126,"nonsyn","nonsyn","nonsyn",4.58e-06,8.37e-07,4.33e-07,4.33e-07,0.003476636,0.00361555,0.00698895,1,"L","L","F","I","V",0,0,0,0,0,0,0,0
"25",6339,8520,8520,"a","a","g","g",0.008333333,0.008333333,0.0008215962,0.0008215962,0.0003521127,0.0004694836,0.0003521127,0.0004694836,0.00915493,0.00915493,0.00915493,0.00915493,"nonsyn","nonsyn","nonsyn",1.77e-05,1.76e-06,1.7e-06,1.7e-06,0.002124,0.002069143,0.0049984,0.003621,"M","M","V","L","L",0,0,0,1,0,0,0,0
"26",6340,8578,8578,"t","t","c","c",0.005012824,0.005012824,0.000816041,0.000816041,0.0006994637,0.0001165773,0.0006994637,0.0001165773,0.005828865,0.005828865,0.005828865,0.005828865,"nonsyn","nonsyn","nonsyn",1.7e-05,1.07e-06,1.21e-06,1.21e-06,0.003391302,0.001482769,0.001529743,0.01037938,"M","M","T","K","R",1,1,1,1,0,0,0,0
"27",6345,8602,8602,"c","c","t","t",0.0005812602,0.0005812602,0,0,0,0,0,0,0.0005812602,0.0005812602,0.0005812602,0.0005812602,"stop","nonsyn","nonsyn",4.58e-06,8.37e-07,4.33e-07,4.33e-07,0.007879432,1,1,1,"Q","Q","*","K","E",1,1,1,0,0,0,0,0
"28",6346,8613,8613,"a","a","g","g",0.003018693,0.003018693,0.0009288285,0.0009288285,0.0001161036,0.000812725,0.0001161036,0.000812725,0.003947521,0.003947521,0.003947521,0.003947521,"nonsyn","nonsyn","nonsyn",1.77e-05,1.76e-06,1.7e-06,1.7e-06,0.005863465,0.001830262,0.01515888,0.002091729,"Q","Q","R","P","L",1,1,1,1,0,0,0,0
"29",6347,8610,8610,"a","a","g","g",0.004878049,0.004878049,0.000232288,0.000232288,0.000232288,0,0.000232288,0,0.005110337,0.005110337,0.005110337,0.005110337,"syn","nonsyn","nonsyn",1.77e-05,1.76e-06,1.7e-06,1.7e-06,0.0036285,0.0073185,0.0075768,1,"Q","Q","Q","H","H",0,1,1,0,0,0,0,0
"30",6348,8608,8608,"c","c","t","t",0.000929368,0.000929368,0.002788104,0.002788104,0.002671933,0.000116171,0.002671933,0.000116171,0.003717472,0.003717472,0.003717472,0.003717472,"syn","nonsyn","nonsyn",4.58e-06,8.37e-07,4.33e-07,4.33e-07,0.00492808,0.0001553027,0.0003132563,0.003727264,"L","L","L","M","V",0,0,0,0,0,0,0,0
"31",6349,8725,8725,"t","t","c","c",0.001833811,0.001833811,0.0003438395,0.0003438395,0.0002292264,0.0001146132,0.0002292264,0.0001146132,0.00217765,0.00217765,0.00217765,0.00217765,"nonsyn","nonsyn","nonsyn",1.7e-05,1.07e-06,1.21e-06,1.21e-06,0.009270313,0.003519083,0.004667875,0.01055725,"L","L","P","Q","R",1,1,1,1,1,0,1,0
"32",6350,8773,8773,"g","g","a","a",0.001823777,0.001823777,0.01333637,0.01333637,0.0003419583,0.01299441,0.0003419583,0.01299441,0.01516015,0.01516015,0.01516015,0.01516015,"syn","syn","syn",4.2e-06,5.36e-07,1.17e-06,1.17e-06,0.002302913,8.773e-05,0.001567443,9.003868e-05,"L","L","L","L","L",0,0,0,0,0,0,0,0
"33",6429,7989,7989,"c","c","t","t",0.002002754,0.002002754,0.0007510327,0.0007510327,0.0006258606,0.0001251721,0.0006258606,0.0001251721,0.002753786,0.002753786,0.002753786,0.002753786,"nonsyn","nonsyn","nonsyn",4.58e-06,8.37e-07,4.33e-07,4.33e-07,0.002286851,0.0005765395,0.001337359,0.003459237,"H","H","Y","N","D",1,1,1,0,1,0,1,0
"34",6443,8007,8007,"g","g","a","a",0.002248033,0.002248033,0.0006244536,0.0006244536,0.0001248907,0.0004995629,0.0001248907,0.0004995629,0.002872487,0.002872487,0.002872487,0.002872487,"syn","nonsyn","nonsyn",4.2e-06,5.36e-07,1.17e-06,1.17e-06,0.0018683,0.001873638,0.004291752,0.002342048,"E","E","E","D","D",0,0,0,0,0,0,0,0
"35",8076,5249,5249,"c","c","t","t",0.002095637,0.002095637,0.0005715374,0.0005715374,0.0005715374,0,0.0005715374,0,0.002667175,0.002667175,0.002667175,0.002667175,"nonsyn","nonsyn","nonsyn",4.58e-06,8.37e-07,4.33e-07,4.33e-07,0.002185493,0.0007576057,0.001464471,1,"L","L","F","I","V",0,0,0,0,0,0,0,0
"36",8446,3120,3120,"g","g","a","a",0.0009615385,0.0009615385,0.0003205128,0.0003205128,0,0.0003205128,0,0.0003205128,0.001282051,0.001282051,0.001282051,0.001282051,"nonsyn","nonsyn","nonsyn",4.2e-06,5.36e-07,1.17e-06,1.17e-06,0.004368,0.0036504,1,0.0036504,"S","S","N","T","I",0,0,1,0,0,0,0,0
"37",8548,2037,2037,"g","g","a","a",0,0,0.000490918,0.000490918,0,0.000490918,0,0.000490918,0.000490918,0.000490918,0.000490918,0.000490918,"nonsyn","nonsyn","nonsyn",4.2e-06,5.36e-07,1.17e-06,1.17e-06,1,0.00238329,1,0.00238329,"C","C","Y","S","F",1,1,1,0,0,0,0,0
"38",8563,1841,1841,"t","t","c","c",0.003802281,0.003802281,0.0005431831,0.0005431831,0.0005431831,0,0.0005431831,0,0.004345464,0.004345464,0.004345464,0.004345464,"nonsyn","nonsyn","nonsyn",1.7e-05,1.07e-06,1.21e-06,1.21e-06,0.004471,0.00222761,0.00196987,1,"V","V","A","D","G",0,1,1,0,0,0,0,0
