"","a","t","c","g"
"syn",0.0110233172946023,0.0124917368476753,0.00704231942096417,0.00564736752879313
"nonsyn",0.00460561466133144,0.00419003441792104,0.00230552935434594,0.00245101042863185
"stop",NA,NA,0.00216568203118482,0.0019154741448984
"syn_se",0.000237701928982129,0.000212571398586933,0.000116366283665199,0.0001093846056545
"nonsyn_se",5.56827667752991e-05,4.63725334103743e-05,4.51090220173858e-05,4.27598468213839e-05
"stop_se",NA,NA,0.00018983544501804,7.55032680662714e-05
"syn_noncpg",0.0113984107178951,0.0127233365207499,0.00704231942096417,0.00564736752879313
"nonsyn_noncpg",0.00476399158997707,0.0043370139107692,0.00230552935434594,0.00245101042863185
"stop_noncpg",NA,NA,0.00216568203118482,0.0019154741448984
"syn_noncpg_se",0.000309273033763833,0.000272985433305251,0.000116366283665199,0.0001093846056545
"nonsyn_noncpg_se",7.44096619470285e-05,6.09503970854705e-05,4.51090220173858e-05,4.27598468213839e-05
"stop_noncpg_se",NA,NA,0.00018983544501804,7.55032680662714e-05
"syn_cpg",0.0104640262080854,0.0121153873789291,NA,NA
"nonsyn_cpg",0.00430950319024567,0.00392907777205407,NA,NA
"stop_cpg",NA,NA,NA,NA
"syn_cpg_se",0.000366762787007044,0.000337554842800921,NA,NA
"nonsyn_cpg_se",7.67627932952545e-05,6.79723790152291e-05,NA,NA
"stop_cpg_se",NA,NA,NA,NA
