,a,t,c,g
syn,0.011015228,0.01248382,0.006958574,0.005555695
nonsyn,0.004586883,0.004170505,0.002160311,0.002317625
stop,NA,NA,0.002013749,0.001781047
syn_se,0.00023803,0.000212688,0.000117257,0.000110603
nonsyn_se,5.60E-05,4.68E-05,4.66E-05,4.38E-05
stop_se,NA,NA,0.000194033,8.11E-05
syn_noncpg,0.011389967,0.012714764,0.006958574,0.005555695
nonsyn_noncpg,0.00474458,0.004316535,0.002160311,0.002317625
stop_noncpg,NA,NA,0.002013749,0.001781047
syn_noncpg_se,0.000309677,0.000273153,0.000117257,0.000110603
nonsyn_noncpg_se,7.48E-05,6.16E-05,4.66E-05,4.38E-05
stop_noncpg_se,NA,NA,0.000194033,8.11E-05
syn_cpg,0.010456466,0.012108535,NA,NA
nonsyn_cpg,0.004292043,0.003911234,NA,NA
stop_cpg,NA,NA,NA,NA
syn_cpg_se,0.000367342,0.000337714,NA,NA
nonsyn_cpg_se,7.72E-05,6.85E-05,NA,NA
stop_cpg_se,NA,NA,NA,NA